國立中央大學,人生與哲學,Week12 公平正義的爭取4,https://www.youtube.com/embed/Qyia7L8xQ5s,,
國立中央大學,人生與哲學,Week3 兩性平等1,https://www.youtube.com/embed/TSeBiT3jnCo,,
國立中央大學,人生與哲學,Week7 面對生死5,https://www.youtube.com/embed/wqVNSZS6dUI,,
國立中央大學,人生與哲學,Week1 課程導讀,https://www.youtube.com/embed/7XtwBlWvDcs,,
國立中央大學,人生與哲學,Week11 公平正義的爭取1,https://www.youtube.com/embed/AAjBr0ucY5s,,
國立中央大學,人生與哲學,Week4 兩性相處4,https://www.youtube.com/embed/5bW4-T64OV0,,
國立中央大學,人生與哲學,Week2 教科書說明,https://www.youtube.com/embed/ttDn2-stVpQ,,
國立中央大學,人生與哲學,Week6 面對生死3,https://www.youtube.com/embed/vrOu9wmWkik,,
國立中央大學,人生與哲學,Week7 面對生死4,https://www.youtube.com/embed/lkvJ895vIwo,,
國立中央大學,人生與哲學,Week8 愛國主義的現代意義1,https://www.youtube.com/embed/R7GuAY9m19A,,
國立中央大學,人生與哲學,Week6 面對生死2,https://www.youtube.com/embed/9Mu_d5hw2N4,,
國立中央大學,人生與哲學,Week10 克服逆境4,https://www.youtube.com/embed/zSI5wnN1T3I,,
國立中央大學,人生與哲學,Week2 羅家倫的新人生觀,https://www.youtube.com/embed/5O7exdvSDes,,
國立中央大學,人生與哲學,Week3 兩性平等2,https://www.youtube.com/embed/PwN6jtpVRIY,,
國立中央大學,人生與哲學,Week1 大學生與哲學,https://www.youtube.com/embed/eq8tWVV6D5k,,
國立中央大學,人生與哲學,Week4 兩性相處3,https://www.youtube.com/embed/lPV3bDiDuxc,,
國立中央大學,人生與哲學,Week14 藝術欣賞與人生2,https://www.youtube.com/embed/7NxAHmAD_Hw,,
國立中央大學,人生與哲學,Week11 公平正義的爭取2,https://www.youtube.com/embed/SoGufuPeBzk,,
國立中央大學,人生與哲學,Week13 環境保護1,https://www.youtube.com/embed/OkwJAbgnatc,,
國立中央大學,人生與哲學,Week9 克服逆境2,https://www.youtube.com/embed/74ZF_tvrAKI,,
國立中央大學,人生與哲學,Week9 克服逆境1,https://www.youtube.com/embed/tibzH0JkkOo,,
國立中央大學,人生與哲學,Week10 克服逆境3,https://www.youtube.com/embed/9ZRCR-F_uyE,,
國立中央大學,人生與哲學,Week8 愛國主義的現代意義2,https://www.youtube.com/embed/hdU92KpzD80,,
國立中央大學,人生與哲學,Week12 公平正義的爭取3,https://www.youtube.com/embed/LZmdcJvMGEg,,
國立中央大學,人生與哲學,Week5 面對生死1,https://www.youtube.com/embed/yn_qCf7Y4Iw,,
國立中央大學,人生與哲學,Week14 藝術欣賞與人生1,https://www.youtube.com/embed/jKu5zSRDQXk,,
國立中央大學,人生與哲學,Week13 環境保護2,https://www.youtube.com/embed/O1PVzL7RRSc,,
國立中央大學,大學入門,多項式函數,https://www.youtube.com/embed/HPaeQOLMG2M,,
國立中央大學,大學入門,n 次函數的極值,https://www.youtube.com/embed/ns6sB00lswc,,
國立中央大學,大學入門,大學入門微積分之結語,https://www.youtube.com/embed/SAdXrWb0Nrs,,
國立中央大學,大學入門,函數 vs 微分,https://www.youtube.com/embed/oIc47AvDu5E,,
國立中央大學,大學入門,數學函式 vs 物理運動,https://www.youtube.com/embed/f16BU5F7psQ,,
國立中央大學,大學入門,泰勒展開式與升降冪排列,https://www.youtube.com/embed/epbC1SNvUpw,,
國立中央大學,大學入門,微積分是甚麼,https://www.youtube.com/embed/XCSfvBm3J8Y,,
國立中央大學,大學入門,面積 vs 積分,https://www.youtube.com/embed/3mgYW6AwGOA,,
國立中央大學,大學入門,導函式在a點的解,https://www.youtube.com/embed/lQpIVvACteo,,
國立中央大學,大學入門,導函式公式的推廣,https://www.youtube.com/embed/EortFRT1aJM,,
國立中央大學,大學入門,極大極小值的判定,https://www.youtube.com/embed/tWOGcb6EVuk,,
國立中央大學,大學入門,極小範圍的函數圖形,https://www.youtube.com/embed/PqNc-1MeFIc,,
國立中央大學,工程與文明,CH11 工程與經濟,https://www.youtube.com/embed/HLXXY_54hUU,,
國立中央大學,工程與文明,CH10 工程與現代城市文明,https://www.youtube.com/embed/f6voYEDTppU,,
國立中央大學,工程與文明,CH04 工程對文明演化的工程（二）,https://www.youtube.com/embed/ybMo_TGCvmE,,
國立中央大學,工程與文明,CH05 古文明的工程,https://www.youtube.com/embed/82QrFUEweCg,,
國立中央大學,工程與文明,CH01 導論,https://www.youtube.com/embed/T6yCt8K00Ps,,
國立中央大學,工程與文明,CH06 工程做為不同文明的表徵（一）,https://www.youtube.com/embed/mE6Bkd6MBnA,,
國立中央大學,工程與文明,CH06 工程做為不同文明的表徵（二）,https://www.youtube.com/embed/nSeAkuGBZwg,,
國立中央大學,工程與文明,CH03 人類文明誕生的自然環境與工程的作用,https://www.youtube.com/embed/fkogJiaRTeE,,
國立中央大學,工程與文明,CH04 工程對文明演化的工程（一）,https://www.youtube.com/embed/vig3XXrAG1s,,
國立中央大學,工程與文明,CH12 工程與防災,https://www.youtube.com/embed/_wub3Yaj_r4,,
國立中央大學,工程與文明,CH08 工程與自然和諧之道,https://www.youtube.com/embed/TQSmNpfPpVw,,
國立中央大學,工程與文明,CH13 工程與社會,https://www.youtube.com/embed/CuA7Xto86Yw,,
國立中央大學,工程與文明,CH09 人造環境的美學品質,https://www.youtube.com/embed/tvTbEwmY4KQ,,
國立中央大學,工程與文明,CH07 工程與自然的衝突,https://www.youtube.com/embed/9CwAFNhCjxo,,
國立中央大學,文化脈絡中的數學,Week4-艾雪M C Escher及他的創作-1,https://www.youtube.com/embed/UFfCpIkurvI,Week1,http://ocw.ncu.edu.tw/ocwdata/1001-07015/01intro.pdf
國立中央大學,文化脈絡中的數學,Week8-高中數學的反省與回顧-1,https://www.youtube.com/embed/CSQWAKC4tHk,Week2,http://ocw.ncu.edu.tw/ocwdata/1001-07015/02stamp.pdf
國立中央大學,文化脈絡中的數學,Week16-  微積分之意義與價值-2,https://www.youtube.com/embed/TreXp72gMEs,Week3,http://ocw.ncu.edu.tw/ocwdata/1001-07015/03.math-vis-art.pdf
國立中央大學,文化脈絡中的數學,Week2-各週課程導讀,https://www.youtube.com/embed/4x30fFhewDI,Week4,http://ocw.ncu.edu.tw/ocwdata/1001-07015/04Escher.pdf
國立中央大學,文化脈絡中的數學,Week9-徐光啟與數學的最初的教材-2,https://www.youtube.com/embed/i9lCpI3FZUY,Week5,http://ocw.ncu.edu.tw/ocwdata/1001-07015/05Carroll-ppt.pdf
國立中央大學,文化脈絡中的數學,Week17- 一部小說《博士熱愛的算式》,https://www.youtube.com/embed/Wm-qryAQFvw,Week6,http://ocw.ncu.edu.tw/ocwdata/1001-07015/06-index.html
國立中央大學,文化脈絡中的數學,Week15-  從複數開始的科技文明-1,https://www.youtube.com/embed/mo1ZpSPns8I,Week8,http://ocw.ncu.edu.tw/ocwdata/1001-07015/08HiSchoolMath-ppt.pdf
國立中央大學,文化脈絡中的數學,Week1-修課說明,https://www.youtube.com/embed/C3sDA5VodvM,Week9,http://ocw.ncu.edu.tw/ocwdata/1001-07015/09Elements-ppt.pdf
國立中央大學,文化脈絡中的數學,Week6-看圖說故事 愛麗絲漫遊奇境-1,https://www.youtube.com/embed/OOG2paKdZQE,Week10,http://ocw.ncu.edu.tw/ocwdata/1001-07015/10text.pdf
國立中央大學,文化脈絡中的數學,Week9-徐光啟與數學的最初的教材-1,https://www.youtube.com/embed/N8rU9jICjJw,Week14,http://ocw.ncu.edu.tw/ocwdata/1001-07015/13Election.htm
國立中央大學,文化脈絡中的數學,Week17-談國中小基礎教育,https://www.youtube.com/embed/w1c5QnlwWHI,Week15,http://ocw.ncu.edu.tw/ocwdata/1001-07015/15text.pdf
國立中央大學,文化脈絡中的數學,Week3-數學觸發的視覺藝術-2,https://www.youtube.com/embed/mJaZ-T4hvMk,Week16,http://ocw.ncu.edu.tw/ocwdata/1001-07015/16CalcMeaning-ppt.pdf
國立中央大學,文化脈絡中的數學,Week5- 《手絹中的宇宙》作者 Martin Gardner,https://www.youtube.com/embed/ZcBcW3gGhVo,Week17,http://ocw.ncu.edu.tw/ocwdata/1001-07015/17doc-hong.html
國立中央大學,文化脈絡中的數學,Week15-  從複數開始的科技文明-2,https://www.youtube.com/embed/YP1qjyI-l4k,,
國立中央大學,文化脈絡中的數學,Week16-  微積分之意義與價值-1,https://www.youtube.com/embed/TcEhTiuAt9A,,
國立中央大學,文化脈絡中的數學,Week1-藉九年一貫數學課程綱要談數學是什麼,https://www.youtube.com/embed/GaZJEj298wI,,
國立中央大學,文化脈絡中的數學,Week8-高中數學的反省與回顧-2,https://www.youtube.com/embed/vkA33dvZG7o,,
國立中央大學,文化脈絡中的數學,Week14- 民主的意義和技術 關於選舉的數學理論-1,https://www.youtube.com/embed/n7SpbwI3xnU,,
國立中央大學,文化脈絡中的數學,Week4-艾雪M C Escher及他的創作-2,https://www.youtube.com/embed/MOATsnuIR2U,,
國立中央大學,文化脈絡中的數學,Week12- 一部劇本《Proof》,https://www.youtube.com/embed/L5UGYHzoukU,,
國立中央大學,文化脈絡中的數學,Week14- 民主的意義和技術 關於選舉的數學理論-2,https://www.youtube.com/embed/Jx7fFhHPZL0,,
國立中央大學,文化脈絡中的數學,Week5-卡洛傳記 《手絹中的宇宙The Universe in Handkerchief》,https://www.youtube.com/embed/Wt5W4U7dJxE,,
國立中央大學,文化脈絡中的數學,Week6-看圖說故事 愛麗絲漫遊奇境-2,https://www.youtube.com/embed/Ic9AlgtMDdo,,
國立中央大學,文化脈絡中的數學,Week2-從校園鐘聲談教育談生活談數學,https://www.youtube.com/embed/vku6ikzjVIA,,
國立中央大學,文化脈絡中的數學,Week3-數學觸發的視覺藝術-1,https://www.youtube.com/embed/0LcGorHdyOg,,
國立中央大學,史傳與人生,Week1 史記-2,https://www.youtube.com/embed/Hrvc0C0wbvM,,
國立中央大學,史傳與人生,Week1 史記-1,https://www.youtube.com/embed/CAb2bQ8Qz60,,
國立中央大學,史傳與人生,Week14 豪俠的人生-1,https://www.youtube.com/embed/RVKBVvtwF2k,,
國立中央大學,史傳與人生,Week11 武將的人生-2,https://www.youtube.com/embed/cyPfz6c0zlo,,
國立中央大學,史傳與人生,Week8 文臣的人生-4,https://www.youtube.com/embed/q2giWzyAzmI,,
國立中央大學,史傳與人生,Week11 武將的人生-1,https://www.youtube.com/embed/-xPXp0Q3GGI,,
國立中央大學,史傳與人生,Week7 文臣的人生-3,https://www.youtube.com/embed/d8Cea_mKXKY,,
國立中央大學,史傳與人生,Week9 謀士的人生,https://www.youtube.com/embed/F3CRn5X88f4,,
國立中央大學,史傳與人生,Week14 豪俠的人生-2,https://www.youtube.com/embed/AYkC8pK7MPg,,
國立中央大學,史傳與人生,Week13 隱者的人生,https://www.youtube.com/embed/V6lXuCIaWAY,,
國立中央大學,史傳與人生,Week4 賢能之宰輔 1,https://www.youtube.com/embed/x40I0hWglFE,,
國立中央大學,史傳與人生,Week6 文臣的人生-2,https://www.youtube.com/embed/S2cZCs8EQ6I,,
國立中央大學,史傳與人生,Week13 商人的人生,https://www.youtube.com/embed/TljVoudAuss,,
國立中央大學,史傳與人生,Week12 武將的人生-4,https://www.youtube.com/embed/ldiAYqmL1YA,,
國立中央大學,史傳與人生,Week10 辯士的人生,https://www.youtube.com/embed/Eu1jrBQfHbc,,
國立中央大學,史傳與人生,Week6 文臣的人生-1,https://www.youtube.com/embed/8Xgx1Zr8jqM,,
國立中央大學,史傳與人生,Week2 統治者的人生-2,https://www.youtube.com/embed/r8hWLDBd2ow,,
國立中央大學,史傳與人生,Week2 統治者的人生-1,https://www.youtube.com/embed/QXIdZSAiHyI,,
國立中央大學,史傳與人生,Weel4 賢能之宰輔-2,https://www.youtube.com/embed/eEENcTq57ik,,
國立中央大學,史傳與人生,Week12 武將的人生-3,https://www.youtube.com/embed/mIObQO7qGWI,,
國立中央大學,史傳與人生,Week5 重利祿之宰輔-2,https://www.youtube.com/embed/Ih_59j3j_qM,,
國立中央大學,史傳與人生,Week5 重利祿之宰輔-1,https://www.youtube.com/embed/H0yqRjU5szE,,
國立中央大學,史傳與人生,Week3 統治者的人生 3,https://www.youtube.com/embed/sW5FtADGR_Q,,
國立中央大學,史傳與現代生活,第十九講,https://www.youtube.com/embed/qTGFYmRglTU,第一講,http://ocw.ncu.edu.tw/ocwdata/11001/ch01.pdf
國立中央大學,史傳與現代生活,第十七講,https://www.youtube.com/embed/_AMtGbx_mV4,第二講,http://ocw.ncu.edu.tw/ocwdata/11001/ch02.pdf
國立中央大學,史傳與現代生活,第八、九講,https://www.youtube.com/embed/jdx_AiknP3c,第三講,http://ocw.ncu.edu.tw/ocwdata/11001/ch03.pdf
國立中央大學,史傳與現代生活,第十講_2,https://www.youtube.com/embed/V3952ztZHaU,第四講,http://ocw.ncu.edu.tw/ocwdata/11001/ch04.pdf
國立中央大學,史傳與現代生活,第十七、十八講 _2,https://www.youtube.com/embed/y-CDjXJHEsg,第八講,http://ocw.ncu.edu.tw/ocwdata/11001/ch08.pdf
國立中央大學,史傳與現代生活,第十九、二十講,https://www.youtube.com/embed/iBG2vJ4re3w,第九講,http://ocw.ncu.edu.tw/ocwdata/11001/ch09.pdf
國立中央大學,史傳與現代生活,第十五、十六講,https://www.youtube.com/embed/m9dmOqNUsvU,第十講,http://ocw.ncu.edu.tw/ocwdata/11001/ch10.pdf
國立中央大學,史傳與現代生活,第一、二講,https://www.youtube.com/embed/U-eK3iyCKn4,第十一講,http://ocw.ncu.edu.tw/ocwdata/11001/ch11.pdf
國立中央大學,史傳與現代生活,第十四講,https://www.youtube.com/embed/S2i9Z1hmMqA,第十二講,http://ocw.ncu.edu.tw/ocwdata/11001/ch12.pdf
國立中央大學,史傳與現代生活,第九講_1,https://www.youtube.com/embed/IaFutA_osm4,第十三講,http://ocw.ncu.edu.tw/ocwdata/11001/ch13.pdf
國立中央大學,史傳與現代生活,第九講_2,https://www.youtube.com/embed/7QmFytscWtI,第十四講,http://ocw.ncu.edu.tw/ocwdata/11001/ch14.pdf
國立中央大學,史傳與現代生活,第十、十二講,https://www.youtube.com/embed/aNkn1ulsSVY,第十五講,http://ocw.ncu.edu.tw/ocwdata/11001/ch15.pdf
國立中央大學,史傳與現代生活,第四講_2,https://www.youtube.com/embed/YSfs-ydk794,第十六講,http://ocw.ncu.edu.tw/ocwdata/11001/ch16.pdf
國立中央大學,史傳與現代生活,第十七、十八講 _3,https://www.youtube.com/embed/P3IwWhzZgG8,第十八講,http://ocw.ncu.edu.tw/ocwdata/11001/ch18.pdf
國立中央大學,史傳與現代生活,第十七、十八講 _1,https://www.youtube.com/embed/svHMCMOQF18,第十九講,http://ocw.ncu.edu.tw/ocwdata/11001/ch19.pdf
國立中央大學,史傳與現代生活,第十講_1,https://www.youtube.com/embed/BGlO--V-2-4,第二十講,http://ocw.ncu.edu.tw/ocwdata/11001/ch20.pdf
國立中央大學,史傳與現代生活,第十一、十三講,https://www.youtube.com/embed/962A_k-eXfs,,
國立中央大學,史傳與現代生活,第十、十一講,https://www.youtube.com/embed/ahgtE01gLY4,,
國立中央大學,史傳與現代生活,第三講,https://www.youtube.com/embed/uQcy1ziDB54,,
國立中央大學,史傳與現代生活,第四講_1,https://www.youtube.com/embed/kvjttWlpmd4,,
國立中央大學,史傳與現代生活,第二、三講,https://www.youtube.com/embed/_uDD4vosOFY,,
國立中央大學,行星科學導論,2-1月球,https://www.youtube.com/embed/p2olpvtqwg0,,
國立中央大學,行星科學導論,9-2統整與複習,https://www.youtube.com/embed/-Pxtwbhdvk8,,
國立中央大學,行星科學導論,5-4火星,https://www.youtube.com/embed/TmeSSUnIoXw,,
國立中央大學,行星科學導論,2-3月球,https://www.youtube.com/embed/bzIS7nTgrx8,,
國立中央大學,行星科學導論,1-2行星科學歷史回顧,https://www.youtube.com/embed/-56W3Z4LD-4,,
國立中央大學,行星科學導論,5-2火星,https://www.youtube.com/embed/XF1WRiAXcQQ,,
國立中央大學,行星科學導論,8-1 Rings and satellites,https://www.youtube.com/embed/M2mbht2vU-w,,
國立中央大學,行星科學導論,3-1水星,https://www.youtube.com/embed/syjnywbr4w4,,
國立中央大學,行星科學導論,2-4月球,https://www.youtube.com/embed/wMquAw4yWYs,,
國立中央大學,行星科學導論,5-1火星,https://www.youtube.com/embed/Sq9l8yBEvo4,,
國立中央大學,行星科學導論,1-1行星科學歷史回顧,https://www.youtube.com/embed/P8dMTY_xgYg,,
國立中央大學,行星科學導論,3-2水星,https://www.youtube.com/embed/vjX21WOPkGI,,
國立中央大學,行星科學導論,8-2Rings and satellites,https://www.youtube.com/embed/rEXOooJMfOM,,
國立中央大學,行星科學導論,7-1Jovian Planets類木行星,https://www.youtube.com/embed/aQt0NnIbzmM,,
國立中央大學,行星科學導論,7-2Jovian Planets類木行星,https://www.youtube.com/embed/mgo7zuZX-gs,,
國立中央大學,行星科學導論,5-6火星,https://www.youtube.com/embed/ATe1eCrNjpY,,
國立中央大學,行星科學導論,9-4統整與複習,https://www.youtube.com/embed/e1XoHqFXZok,,
國立中央大學,行星科學導論,4-2金星,https://www.youtube.com/embed/BYH9OuyS7Ic,,
國立中央大學,行星科學導論,4-4金星,https://www.youtube.com/embed/B1ZeTZejl8c,,
國立中央大學,行星科學導論,5-3火星,https://www.youtube.com/embed/OqHhu52GN_Y,,
國立中央大學,行星科學導論,6-MSL,https://www.youtube.com/embed/relAPRqaAVI,,
國立中央大學,行星科學導論,2-月球 3,https://www.youtube.com/embed/R2Xe-DxScZs,,
國立中央大學,行星科學導論,4-1金星,https://www.youtube.com/embed/BOP_OepF_fk,,
國立中央大學,行星科學導論,4-3金星,https://www.youtube.com/embed/uQYWdkghwOo,,
國立中央大學,行星科學導論,9-1統整與複習,https://www.youtube.com/embed/A5aUJywi1lY,,
國立中央大學,行星科學導論,5-5火星,https://www.youtube.com/embed/bKyOBsO3HKo,,
國立中央大學,行星科學導論,9-3統整與複習,https://www.youtube.com/embed/VyBfGs9xvEU,,
國立中央大學,岩石力學,岩石力學 董家鈞教授 岩體分類法－分類法Q system64027 20100409 2,https://www.youtube.com/embed/r5Yi55vpX2I,1-1~1-3,http://ocw.ncu.edu.tw/ocwdata/64027/64027-20100224.pdf
國立中央大學,岩石力學,岩石力學 董家鈞教授 岩石的張力試驗64027 20100421 2,https://www.youtube.com/embed/JTTkUiPqVAo,2,http://ocw.ncu.edu.tw/ocwdata/64027/64027-20100226.pdf
國立中央大學,岩石力學,岩石力學 董家鈞教授 Shear testing剪力試驗64027 20100430 2,https://www.youtube.com/embed/bjNDiKEvxOc,3-1~3-2,http://ocw.ncu.edu.tw/ocwdata/64027/64027-20100224.pdf
國立中央大學,岩石力學,岩石力學 董家鈞教授 單壓情況下的岩石行為64027 20100416 1,https://www.youtube.com/embed/VNg-zeNdwoM,4,http://ocw.ncu.edu.tw/ocwdata/64027/64027-20100305.pdf
國立中央大學,岩石力學,岩石力學 董家鈞教授 現地應力量測方法之計算－Hydraulic fracture水利破裂法64027 20100528,https://www.youtube.com/embed/bvCoMvJBOGc,5-1~5-2,http://ocw.ncu.edu.tw/ocwdata/64027/64027-20100310.pdf
國立中央大學,岩石力學,岩石力學 董家鈞教授 岩石徑性試驗機之影響64027 20100421 1,https://www.youtube.com/embed/8uRHP48SMLI,6,http://ocw.ncu.edu.tw/ocwdata/64027/64027-20100312.pdf
國立中央大學,岩石力學,岩石力學 董家鈞教授  應力與應變－彈性常數64027 20100312,https://www.youtube.com/embed/S3s6_xWQIQ8,7-1~7-2,http://ocw.ncu.edu.tw/ocwdata/64027/64027-20100317.pdf
國立中央大學,岩石力學,岩石力學 董家鈞教授 三維應力分析：應力不變量、軸差應力、應力變化64027 20100303 2,https://www.youtube.com/embed/tRoRH3w9G9c,8-1~8-2,http://ocw.ncu.edu.tw/ocwdata/64027/64027-20100319.pdf
國立中央大學,岩石力學,岩石力學 董家鈞教授 填充物節理的力學行為64027 20100514,https://www.youtube.com/embed/DTKMuKqZ110,9,http://ocw.ncu.edu.tw/ocwdata/64027/64027-20100324&26.pdf
國立中央大學,岩石力學,岩石力學 董家鈞教授 單壓情況下的岩石行為64027 20100416 2,https://www.youtube.com/embed/BCqdsOM512k,10-1~10-2,http://ocw.ncu.edu.tw/ocwdata/64027/64027-20100331.pdf
國立中央大學,岩石力學,岩石力學 董家鈞教授 主應力方向之判定64027 20100521,https://www.youtube.com/embed/3QhyL1OzlRs,11-1~11-2 ,http://ocw.ncu.edu.tw/ocwdata/64027/64027-20100407.pdf
國立中央大學,岩石力學,岩石力學 董家鈞教授 現地應力量測方法之概念與原理64027 20100526,https://www.youtube.com/embed/FbLNEzTTE9k,12-1~12-2,http://ocw.ncu.edu.tw/ocwdata/64027/64027-20100409.pdf
國立中央大學,岩石力學,岩石力學 董家鈞教授 岩石的強度與變形64027 20100414 1,https://www.youtube.com/embed/tbL5M4x53Iw,13-1~13-2,http://ocw.ncu.edu.tw/ocwdata/64027/64027-20100414.pdf
國立中央大學,岩石力學,岩石力學 董家鈞教授 岩體的現地應力的影響因素64027 20100519,https://www.youtube.com/embed/1eGOWUtD9J0,14-1~14-2,http://ocw.ncu.edu.tw/ocwdata/64027/64027-20100416.pdf
國立中央大學,岩石力學,岩石力學 董家鈞教授 現地應力量測方法之計算64027 20100604,https://www.youtube.com/embed/w-HLU24_pEM,15-1~15-2,http://ocw.ncu.edu.tw/ocwdata/64027/64027-20100421.pdf
國立中央大學,岩石力學,岩石力學 董家鈞教授 課程重點統整64027 20100430 1,https://www.youtube.com/embed/TJhUw7xSC7g,16,http://ocw.ncu.edu.tw/ocwdata/64027/64027-20100423.pdf
國立中央大學,岩石力學,岩石力學 董家鈞教授 岩體分類法－概念、目的、影響要素、分類法RMR64027 20100407 2,https://www.youtube.com/embed/46hs6ar-Ggk,17,http://ocw.ncu.edu.tw/ocwdata/64027/64027-20100428.pdf
國立中央大學,岩石力學,岩石力學 董家鈞三維應變分析(2)、工程剪應變、strain gage rosette與應變測量與計算64027 20100310 1,https://www.youtube.com/embed/ZKc7pyABKyE,18,http://ocw.ncu.edu.tw/ocwdata/64027/64027-20100430.pdf
國立中央大學,岩石力學,岩石力學 董家鈞教授 二維應力分析64027 20100224 3,https://www.youtube.com/embed/5uNGfSmo8us,19,http://ocw.ncu.edu.tw/ocwdata/64027/64027-20100512.pdf
國立中央大學,岩石力學,岩石力學 董家鈞教授 不連續面特性64027 20100331 1,https://www.youtube.com/embed/8T-qhqiGrsM,20,http://ocw.ncu.edu.tw/ocwdata/64027/64027-20100514.pdf
國立中央大學,岩石力學,岩石力學 董家鈞教授 立體投影分析－夾角判斷、取樣偏差與修正64027 20100407 1,https://www.youtube.com/embed/ULopv1aD-uQ,21,http://ocw.ncu.edu.tw/ocwdata/64027/64027-20100519.pdf
國立中央大學,岩石力學,岩石力學 董家鈞教授 岩石特徵：火成岩、沈積岩、變質岩的成因與分類 64027 20100317 1,https://www.youtube.com/embed/lyB6BcRVR2Y,22,http://ocw.ncu.edu.tw/ocwdata/64027/64027-20100521.pdf
國立中央大學,岩石力學,岩石力學 董家鈞教授 岩體分類法－分類法Q system64027 20100409 1,https://www.youtube.com/embed/gItMSR7pBPY,23,http://ocw.ncu.edu.tw/ocwdata/64027/64027-20100526.pdf
國立中央大學,岩石力學,岩石力學 董家鈞教授 三維應力分析64027 20100226,https://www.youtube.com/embed/F25alUj5Oc0,24,http://ocw.ncu.edu.tw/ocwdata/64027/64027-20100528.pdf
國立中央大學,岩石力學,岩石力學 董家鈞教授 Q&A：座標轉換後位置是否改變？應力座標轉換(2)、三維應力分析、作業1-2.1-3題目講解64027 20100303 1,https://www.youtube.com/embed/CWfWSF-WBPI,,
國立中央大學,岩石力學,岩石力學 董家鈞教授 Q&A：基隆大山崩、林肯大郡64027 20100428,https://www.youtube.com/embed/HGx4MmLKXdk,,
國立中央大學,岩石力學,岩石力學 董家鈞教授 剪力的影響因素64027 20100512,https://www.youtube.com/embed/BNxhL4jyHqg,,
國立中央大學,岩石力學,岩石力學 董家鈞教授 Q&A：不連續面與弱面與風化的判別64027 20100423,https://www.youtube.com/embed/RsMXYdX3_YY,,
國立中央大學,岩石力學,岩石力學 董家鈞教授  應力64027 20100224 2,https://www.youtube.com/embed/3OA6fVtP9jo,,
國立中央大學,岩石力學,岩石力學 董家鈞教授 單壓情況下的岩石行為64027 20100414 2,https://www.youtube.com/embed/PV3Esv1_0i0,,
國立中央大學,岩石力學,岩石力學 董家鈞教授 Q&A：應力張量的表示、作業1-5的三種運算方式與應力系統的座標系統說明64027 20100310 2,https://www.youtube.com/embed/Q1x0agTn1LA,,
國立中央大學,岩石力學,岩石力學 董家鈞教授 立體投影法－重要性、等角投影與等面積投影、繪圖與分析64027 20100331 2,https://www.youtube.com/embed/Ywdu_Arg7l4,,
國立中央大學,岩石力學,岩石力學 董家鈞教授  岩石力學的重要與應用：岩石力學之於工程與地球科學64027 20100224 1,https://www.youtube.com/embed/xLi8rxjUyJg,,
國立中央大學,岩石力學,岩石力學 董家鈞教授 不連續面特性64027 20100319 1,https://www.youtube.com/embed/tpZWdcD94c4,,
國立中央大學,岩石力學,岩石力學 董家鈞教授 不連續面特性64027 20100319 2,https://www.youtube.com/embed/smUkeiZFnLc,,
國立中央大學,岩石力學,岩石力學 董家鈞教授 強度與破壞、應力路徑、破壞包絡線、Mohr-Coulomb破壞準則、作業1-5題目講解、應變64027 20100305,https://www.youtube.com/embed/xwgAmTRA20g,,
國立中央大學,岩石力學,岩石力學 董家鈞教授 不連續面特性－位態orientation64027 20100317 2,https://www.youtube.com/embed/Y0GGej5_AHQ,,
國立中央大學,客家研究經典選讀,劉宏、張慧梅《原生性認同、祖籍地聯繫與跨國網絡的建構》 1,https://www.youtube.com/embed/k7fexz8aGGE,莊英章《家族與婚姻：臺灣北部兩個閩客村落之研究》之導論與結論-PDF,http://ocw.ncu.edu.tw/ocwdata/992_71007/992-71007-20110311.pdf
國立中央大學,客家研究經典選讀,劉宏、張慧梅《原生性認同、祖籍地聯繫與跨國網絡的建構》 2,https://www.youtube.com/embed/4U6lHFxdjtw,談《客家政治與經濟》之客家政治與經濟導論-PDF,http://ocw.ncu.edu.tw/ocwdata/992_71007/992-71007-20110407.pdf
國立中央大學,客家研究經典選讀,談《客家政治與經濟》之客家政治與經濟導論 2,https://www.youtube.com/embed/ynsvN1Fn-j4,從《我國族群型代表性行政機關的設置及其意涵》談起-PDF,http://ocw.ncu.edu.tw/ocwdata/992_71007/992-71007-20110414.pdf
國立中央大學,客家研究經典選讀,蕭新煌、黃世明《台灣地方社會與客家政治力》 2,https://www.youtube.com/embed/6ezdnBM5i5k,蕭新煌、黃世明《台灣地方社會與客家政治力》-PDF,http://ocw.ncu.edu.tw/ocwdata/992_71007/992-71007-20110414-2.pdf
國立中央大學,客家研究經典選讀,談《客家政治與經濟》之客家政治與經濟導論 1,https://www.youtube.com/embed/u6rWKGYPZ0o,蕭新煌、黃世明《台灣政治轉型下的客家運動及其對地方社會的影響》-PDF,http://ocw.ncu.edu.tw/ocwdata/992_71007/992-71007-20110428.pdf
國立中央大學,客家研究經典選讀,蕭新煌、黃世明《台灣政治轉型下的客家運動及其對地方社會的影響》,https://www.youtube.com/embed/Sy8lu4CyY34,羅烈師《台灣客家研究概論宗教信仰篇》-PDF,http://ocw.ncu.edu.tw/ocwdata/992_71007/992-71007-20110505.pdf
國立中央大學,客家研究經典選讀,莊英章《家族與婚姻：臺灣北部兩個閩客村落之研究》之導論與結論 1,https://www.youtube.com/embed/amZ2xBlqels,鍾國允《客家基本法》之分析-PDF,http://ocw.ncu.edu.tw/ocwdata/992_71007/992-71007-20110519.pdf
國立中央大學,客家研究經典選讀,課程回顧與總結,https://www.youtube.com/embed/geJsqwzDCtw,劉宏、張慧梅《原生性認同、祖籍地聯繫與跨國網絡的建構》-PDF,http://ocw.ncu.edu.tw/ocwdata/992_71007/992-71007-20110616.pdf
國立中央大學,客家研究經典選讀,莊英章《家族與婚姻：臺灣北部兩個閩客村落之研究》之導論與結論 2,https://www.youtube.com/embed/u38s4-AfYcA,,
國立中央大學,客家研究經典選讀,從《我國族群型代表性行政機關的設置及其意涵》談起 1,https://www.youtube.com/embed/K_5EZpkJwto,,
國立中央大學,客家研究經典選讀,羅烈師《台灣客家研究概論宗教信仰篇》 2,https://www.youtube.com/embed/A1MKzbaUmIU,,
國立中央大學,客家研究經典選讀,從《我國族群型代表性行政機關的設置及其意涵》談起 2,https://www.youtube.com/embed/WBUp3d0_amk,,
國立中央大學,客家研究經典選讀,鍾國允《客家基本法》之分析 1,https://www.youtube.com/embed/YmgBtAcgH-k,,
國立中央大學,客家研究經典選讀,羅烈師《台灣客家研究概論宗教信仰篇》 1,https://www.youtube.com/embed/Pq6tDonf4mY,,
國立中央大學,客家研究經典選讀,蕭新煌、黃世明《台灣地方社會與客家政治力》 1,https://www.youtube.com/embed/m34POCFdPd0,,
國立中央大學,客家研究經典選讀,鍾國允《客家基本法》之分析 2,https://www.youtube.com/embed/OO3AVW9MbfQ,,
國立中央大學,客家研究經典選讀,鍾國允《客家基本法》之分析 3,https://www.youtube.com/embed/NZ8nymjOUTE,,
國立中央大學,英文自學之方法與應用,4-4 Reading Corner(2): Picture & Cullture Books,https://www.youtube.com/embed/3bgNlINTge0,,
國立中央大學,英文自學之方法與應用,6 Writing,https://www.youtube.com/embed/LytQ3SnrD8w,,
國立中央大學,英文自學之方法與應用,1-2 Two short films,https://www.youtube.com/embed/iTV_pvIW2Mk,,
國立中央大學,英文自學之方法與應用,5-2 NCU English Speaking Activities 1,https://www.youtube.com/embed/we3MfRIJoP4,,
國立中央大學,英文自學之方法與應用,3-1 How to Practice Listening,https://www.youtube.com/embed/Y48Tel8ZUkE,,
國立中央大學,英文自學之方法與應用,3-3 TED,https://www.youtube.com/embed/-qSAC5oJxf4,,
國立中央大學,英文自學之方法與應用,"5-1 ""In other words"" skill",https://www.youtube.com/embed/SIiSXrT_ndU,,
國立中央大學,英文自學之方法與應用,8-2 Grammar,https://www.youtube.com/embed/1uj39qzpk88,,
國立中央大學,英文自學之方法與應用,1-1 Self-paced learning,https://www.youtube.com/embed/iPUMLqofh0w,,
國立中央大學,英文自學之方法與應用,4-5 Reading Corner(3): Biography,https://www.youtube.com/embed/wG_bgzG2Kfc,,
國立中央大學,英文自學之方法與應用,4-10 Top-Down Reading Practice,https://www.youtube.com/embed/7-qK9K9wbfw,,
國立中央大學,英文自學之方法與應用,4-7 Reading Corner(5): Inspiration Books,https://www.youtube.com/embed/8Fbt0s4JSUY,,
國立中央大學,英文自學之方法與應用,8-1 Vocabulary,https://www.youtube.com/embed/jqPDzEX-DuY,,
國立中央大學,英文自學之方法與應用,7 Learning English from Movies & TV Series,https://www.youtube.com/embed/i5XW_Kju_sM,,
國立中央大學,英文自學之方法與應用,4-8 Reading Corner(6): Young Adult Literature,https://www.youtube.com/embed/w9tK73JQkLg,,
國立中央大學,英文自學之方法與應用,9-2 Guidelines for a Great Presentation(II),https://www.youtube.com/embed/OalugXREYus,,
國立中央大學,英文自學之方法與應用,2 Design own syllabus,https://www.youtube.com/embed/u2ePjQB-7iM,,
國立中央大學,英文自學之方法與應用,4-9 Reading Corners(7): Education Books,https://www.youtube.com/embed/EFz2b-S-oDM,,
國立中央大學,英文自學之方法與應用,3-2 Listening Materials,https://www.youtube.com/embed/6kM_hbGK8w0,,
國立中央大學,英文自學之方法與應用,9-1 Guidelines for a Great Presentation(I),https://www.youtube.com/embed/dF3bowbQZuM,,
國立中央大學,英文自學之方法與應用,4-3 Reading Corner(1): Introduce & Readers,https://www.youtube.com/embed/37RQNK5P6f0,,
國立中央大學,英文自學之方法與應用,4-2 Extensive Reading (II),https://www.youtube.com/embed/aAEjEcG82WE,,
國立中央大學,英文自學之方法與應用,11-1 From Learners to Autonomous Learners,https://www.youtube.com/embed/rIDMW2u7gh4,,
國立中央大學,英文自學之方法與應用,5-3 NCU English Speaking Activities 2,https://www.youtube.com/embed/3fqTIXOWwOg,,
國立中央大學,英文自學之方法與應用,4-1 Extensive Reading (I),https://www.youtube.com/embed/Ah51tAldlaM,,
國立中央大學,英文自學之方法與應用,3-5 Note taking,https://www.youtube.com/embed/Mzk2JclQjPA,,
國立中央大學,英文自學之方法與應用,4-6 Reading Corner(4): Architecture. Science. Movie Book & Best Sellers,https://www.youtube.com/embed/B9cE5XT9Pt0,,
國立中央大學,英文自學之方法與應用,11-2 整學期課程結語,https://www.youtube.com/embed/DAZgLCqqFA4,,
國立中央大學,英文自學之方法與應用,10-1 Test Preparation,https://www.youtube.com/embed/GA1wTuw-tGo,,
國立中央大學,英文自學之方法與應用,3-4 American Rhetoric,https://www.youtube.com/embed/PK1l3cY7SaM,,
國立中央大學,基礎大地,土壓力觀念與擋土牆,https://www.youtube.com/embed/isO29DE-D3o,,
國立中央大學,基礎大地,排水條件下之應力-應變關係與排水剪力強度,https://www.youtube.com/embed/uiKXKzSd80E,,
國立中央大學,基礎大地,承載力觀念與淺基礎01,https://www.youtube.com/embed/QHUQghvyh54,,
國立中央大學,基礎大地,土壤物性與土壤分類 05,https://www.youtube.com/embed/CaOHjxnpMqc,,
國立中央大學,基礎大地,土壤強度、應力-應變關係與相關試驗10,https://www.youtube.com/embed/uv7_xTWREEM,,
國立中央大學,基礎大地,土壤之應力04,https://www.youtube.com/embed/hriSXT6O2IA,,
國立中央大學,基礎大地,承載力觀念與淺基礎02,https://www.youtube.com/embed/4ccu-LiNoq8,,
國立中央大學,基礎大地,壓密理論,https://www.youtube.com/embed/zrclcRssuvo,,
國立中央大學,基礎大地,土壤強度、應力-應變關係與相關試驗11,https://www.youtube.com/embed/-lGW0d5dNO4,,
國立中央大學,基礎大地,土壤物性與土壤分類 01,https://www.youtube.com/embed/WRv05EOPzO8,,
國立中央大學,基礎大地,土壤之應力03,https://www.youtube.com/embed/RLgr_nfcAsY,,
國立中央大學,基礎大地,不排水條件下之應力-應變關係與不排水剪力強度,https://www.youtube.com/embed/vFo8T02z9zo,,
國立中央大學,基礎大地,顆粒特性、顆粒間之應力、顆粒間的剪力阻抗、土壤之形成 01,https://www.youtube.com/embed/K5K6VKv7vf0,,
國立中央大學,基礎大地,土壤強度、應力-應變關係與相關試驗07,https://www.youtube.com/embed/r2fvqhd-y8E,,
國立中央大學,基礎大地,顆粒特性、顆粒間之應力、顆粒間的剪力阻抗、土壤之形成02；土壤之應力01,https://www.youtube.com/embed/DWUbaWFV_8o,,
國立中央大學,基礎大地,土壤強度、應力-應變關係與相關試驗06,https://www.youtube.com/embed/H_s30u2tTzM,,
國立中央大學,基礎大地,土壤之應力02,https://www.youtube.com/embed/K_G7-ewdSuM,,
國立中央大學,基礎大地,土壤強度、應力-應變關係與相關試驗01,https://www.youtube.com/embed/aTAJ6PzEpjc,,
國立中央大學,基礎大地,土壤物性與土壤分類 03,https://www.youtube.com/embed/cRYnptvlflE,,
國立中央大學,基礎大地,土壤強度、應力-應變關係與相關試驗09,https://www.youtube.com/embed/gNfCUcfqMPE,,
國立中央大學,基礎大地,土壤強度、應力-應變關係與相關試驗04,https://www.youtube.com/embed/JfJl1l5U404,,
國立中央大學,基礎大地,土壤強度、應力-應變關係與相關試驗02,https://www.youtube.com/embed/NkBI-q7xk4Y,,
國立中央大學,基礎大地,滲流與濾層設計,https://www.youtube.com/embed/8-zR8dFFF_E,,
國立中央大學,基礎大地,土壤強度、應力-應變關係與相關試驗05,https://www.youtube.com/embed/SSEh4K4FgFU,,
國立中央大學,基礎大地,土壤之應力06,https://www.youtube.com/embed/nbEj3yo5iL8,,
國立中央大學,基礎大地,不排水條件下之孔隙水壓,https://www.youtube.com/embed/f12LaL2IwNE,,
國立中央大學,基礎大地,土壤強度、應力-應變關係與相關試驗03,https://www.youtube.com/embed/ZBJhkky9oNk,,
國立中央大學,基礎大地,土壤物性與土壤分類 04,https://www.youtube.com/embed/VNEAJIMT-kU,,
國立中央大學,基礎大地,土壤強度、應力-應變關係與相關試驗08,https://www.youtube.com/embed/-wKykTqEy0E,,
國立中央大學,基礎大地,土壤之應力05,https://www.youtube.com/embed/xpoMbM7pKpY,,
國立中央大學,基礎大地,土壤物性與土壤分類 02,https://www.youtube.com/embed/AKlVApSHCfM,,
國立中央大學,情文學,楚辭 1,https://www.youtube.com/embed/prdnne0CF-U,,
國立中央大學,情文學,時間的主旨  2,https://www.youtube.com/embed/UXg_6UzUYcQ,,
國立中央大學,情文學,詩詞補充,https://www.youtube.com/embed/g3pyQeqHPus,,
國立中央大學,情文學,漢詩與唐詩,https://www.youtube.com/embed/Y2wqwb1Uk54,,
國立中央大學,情文學,古典小說,https://www.youtube.com/embed/OpbdGJgTcxE,,
國立中央大學,情文學,唐五代詞 1,https://www.youtube.com/embed/d4DUXS-ko-I,,
國立中央大學,情文學,楚辭 2,https://www.youtube.com/embed/jQTuIceIpcE,,
國立中央大學,情文學,小說,https://www.youtube.com/embed/As2ZqlJjW7g,,
國立中央大學,情文學,宋代─話本小說,https://www.youtube.com/embed/KXS5iabqw-s,,
國立中央大學,情文學,唐五代詞  2,https://www.youtube.com/embed/2bLyzxECx0s,,
國立中央大學,情文學,時間的主旨  1,https://www.youtube.com/embed/p32Mr_B210I,,
國立中央大學,理工微積分,11-8-5 Theorem 3  Radius of Convergence and Interval of Convergence,https://www.youtube.com/embed/59M2DTDHtvQ,,
國立中央大學,理工微積分,11-6-8 Example 4、5,https://www.youtube.com/embed/hxisrAfWCO0,,
國立中央大學,理工微積分,10-2-3 Example 2,https://www.youtube.com/embed/f_dnI9ehQUk,,
國立中央大學,理工微積分,11-6-1 Absolute Convergence  Example 1、2 and Conditional Convergence,https://www.youtube.com/embed/QkbsO2MohyE,,
國立中央大學,理工微積分,11-6-3 Example 3,https://www.youtube.com/embed/HDtspck7KzU,,
國立中央大學,理工微積分,10-2-2 Example 1,https://www.youtube.com/embed/ifFWcuRZ-mk,,
國立中央大學,理工微積分,11-3-7 Estimating the Sum of a Series,https://www.youtube.com/embed/98vkGPL3UMM,,
國立中央大學,理工微積分,11-5-5 Example 4,https://www.youtube.com/embed/VA4ZbJf82fk,,
國立中央大學,理工微積分,11-3-1 Foreword of Integral Test Example i,https://www.youtube.com/embed/aKzDmGB-PMQ,,
國立中央大學,理工微積分,11-2-2 Sum of Series v.s. Improper Integrals,https://www.youtube.com/embed/X8KvtWO0dMg,,
國立中央大學,理工微積分,11-5-1 Alternating Series Test,https://www.youtube.com/embed/_GLmTW8LYt8,,
國立中央大學,理工微積分,10-3-4 Example 2、3,https://www.youtube.com/embed/mxnAhRyS4cg,,
國立中央大學,理工微積分,11-1-7 Bounded Sequences,https://www.youtube.com/embed/JEZyYbgBLGo,,
國立中央大學,理工微積分,11-3-5 Example 2 p-series、Example 3a、3b and Note,https://www.youtube.com/embed/lzaiDJcQHGE,,
國立中央大學,理工微積分,10-1-7 Cycloids,https://www.youtube.com/embed/k5s-VfrBEho,,
國立中央大學,理工微積分,11-3-2 Foreword of Integral Test Example ii,https://www.youtube.com/embed/zPD5DpvRH3k,,
國立中央大學,理工微積分,11-2-6 Example 8 Harmonic Series,https://www.youtube.com/embed/KrBNErEJlyk,,
國立中央大學,理工微積分,11-4-2 Comparison Test,https://www.youtube.com/embed/Z9zm8HrspzI,,
國立中央大學,理工微積分,11-5-4 Alternating Series Estimation Theorem,https://www.youtube.com/embed/ZU4AFLPTwq8,,
國立中央大學,理工微積分,10-1-2 Example 1,https://www.youtube.com/embed/XTWsHG_jnJ8,,
國立中央大學,理工微積分,10-1-5 Example 4,https://www.youtube.com/embed/uieGKSjKe_Q,,
國立中央大學,理工微積分,11-2-8 Theorem 8 and Example 10,https://www.youtube.com/embed/79vDy583UFc,,
國立中央大學,理工微積分,11-4-6 Example 3、4,https://www.youtube.com/embed/jOooHSjvuos,,
國立中央大學,理工微積分,11-2-9 Note 4,https://www.youtube.com/embed/cdRaQgXhPqE,,
國立中央大學,理工微積分,12-2-2 Vector Addition and Example 1,https://www.youtube.com/embed/pAH2imodTM4,,
國立中央大學,理工微積分,10-2-11 Example 6,https://www.youtube.com/embed/4tTraO5Z20Q,,
國立中央大學,理工微積分,11-4-5 Note 2 and Limit Comparison Test,https://www.youtube.com/embed/4gqPJWMc0DU,,
國立中央大學,理工微積分,11-7-1 Strategy for Testing Series,https://www.youtube.com/embed/sT6uxHsnix4,,
國立中央大學,理工微積分,11-3-10 Example 6 and Compare Example 5 with Example 6,https://www.youtube.com/embed/KxJ6cuvx6D0,,
國立中央大學,理工微積分,12-1-3 Distance Formula,https://www.youtube.com/embed/g7eP3CTe6rI,,
國立中央大學,理工微積分,10-3-1 Polar Coordinates,https://www.youtube.com/embed/Y-3LBKtB9hs,,
國立中央大學,理工微積分,10-4-3 Example 2,https://www.youtube.com/embed/JPKlzY9SrQQ,,
國立中央大學,理工微積分,11-6-6 Proof of Case ii,https://www.youtube.com/embed/62ZFvFzo8BE,,
國立中央大學,理工微積分,11-6-9 Root Test and Example 6,https://www.youtube.com/embed/SjRkrHICZmI,,
國立中央大學,理工微積分,11-3-3 Integral Test,https://www.youtube.com/embed/qegS29Ux5js,,
國立中央大學,理工微積分,12-1-2 Example 1. Note and Example 3,https://www.youtube.com/embed/S9z5c7jCfzY,,
國立中央大學,理工微積分,11-1-2 Graph and Limit of a Sequence and Theorem 3,https://www.youtube.com/embed/zVRp2FtrKZg,,
國立中央大學,理工微積分,11-8-2 Example 1,https://www.youtube.com/embed/6RS4QAu8IAM,,
國立中央大學,理工微積分,11-4-4 Note 1 and Example 2,https://www.youtube.com/embed/GLL3hY93cpw,,
國立中央大學,理工微積分,11-2-3 Example 2 Geometric Series,https://www.youtube.com/embed/Tx60ZmQJ16Q,,
國立中央大學,理工微積分,10-2-6 Arc Length,https://www.youtube.com/embed/d0hP-fQ23Qo,,
國立中央大學,理工微積分,10-2-1 Tangents,https://www.youtube.com/embed/YYqtDdWxV3U,,
國立中央大學,理工微積分,11-1-6 Monotonic Sequences and Example 12、13,https://www.youtube.com/embed/OGU2NdLXGq8,,
國立中央大學,理工微積分,11-6-5 Proof of Case i,https://www.youtube.com/embed/ZnASeb-0Pq8,,
國立中央大學,理工微積分,10-2-4 Areas,https://www.youtube.com/embed/frkP4HrQBVM,,
國立中央大學,理工微積分,10-1-6 Example 7 Cycloid,https://www.youtube.com/embed/GQ5QTXBYqbg,,
國立中央大學,理工微積分,10-1-1 Introduction,https://www.youtube.com/embed/0TvZY4jaUtg,,
國立中央大學,理工微積分,10-3-12 Example 9,https://www.youtube.com/embed/tMDyPSThMSU,,
國立中央大學,理工微積分,11-3-6 Example 4,https://www.youtube.com/embed/33QM83keI80,,
國立中央大學,理工微積分,11-2-1 Series,https://www.youtube.com/embed/ZR0LBXdp30I,,
國立中央大學,理工微積分,10-3-9 Example 8,https://www.youtube.com/embed/ctyVFa-r-rs,,
國立中央大學,理工微積分,10-4-7 Example 4,https://www.youtube.com/embed/KT4kWCUt-9I,,
國立中央大學,理工微積分,12-1-4 Example 4、5、6、7,https://www.youtube.com/embed/1U8P0D5f0kQ,,
國立中央大學,理工微積分,12-2-1 Vector,https://www.youtube.com/embed/gMrcfYskADM,,
國立中央大學,理工微積分,11-8-6 Example 4,https://www.youtube.com/embed/ltHhUt4E2KU,,
國立中央大學,理工微積分,11-3-8 Example 5,https://www.youtube.com/embed/9LNd-GMFYQw,,
國立中央大學,理工微積分,11-7-2 Example 1、2、3、4、5、6,https://www.youtube.com/embed/cUS4suyTrEw,,
國立中央大學,理工微積分,10-3-10 Symmetric Rules,https://www.youtube.com/embed/dFkdgkg4BnE,,
國立中央大學,理工微積分,11-2-7 Theorem 6、Test for Divergence、Example 9 and Note 3,https://www.youtube.com/embed/56IYhvUUjh8,,
國立中央大學,理工微積分,11-2-5 Example 7,https://www.youtube.com/embed/VwJpN-psRvg,,
國立中央大學,理工微積分,10-3-6 Example 4、5,https://www.youtube.com/embed/SmdYQIZk2z4,,
國立中央大學,理工微積分,11-8-3 Example 2,https://www.youtube.com/embed/WPPU5eiE37c,,
國立中央大學,理工微積分,10-4-6 Arc Length,https://www.youtube.com/embed/uG1MGKGLsRg,,
國立中央大學,理工微積分,10-4-1 Areas in Polar Coordinates,https://www.youtube.com/embed/eVldbsu5ohg,,
國立中央大學,理工微積分,11-1-3 Divergent Sequence. Limit Laws. Squeeze Theorem and Theorem 6,https://www.youtube.com/embed/vsIVTDRflnQ,,
國立中央大學,理工微積分,12-1-1 3-D Coordinate Systems,https://www.youtube.com/embed/ez7rQAnHUGc,,
國立中央大學,理工微積分,10-4-5 Example 3,https://www.youtube.com/embed/pGNGzgaNzXE,,
國立中央大學,理工微積分,10-3-11 Tangents to Polar Curves,https://www.youtube.com/embed/yijYOz3iXzU,,
國立中央大學,理工微積分,11-6-4 Ratio Test,https://www.youtube.com/embed/ddylOfL5CtI,,
國立中央大學,理工微積分,11-1-8 Monotonic Sequences Theorem 12,https://www.youtube.com/embed/X5qZLFABEgM,,
國立中央大學,理工微積分,10-2-8 Example 4,https://www.youtube.com/embed/Vm8I1NRMIZo,,
國立中央大學,理工微積分,11-8-1 Power Series,https://www.youtube.com/embed/5Ze8Rw99XXI,,
國立中央大學,理工微積分,10-3-7 Example 6,https://www.youtube.com/embed/a96C9ekVmCo,,
國立中央大學,理工微積分,11-8-4 Example 3 Bessel Function,https://www.youtube.com/embed/5jANgFd3-eI,,
國立中央大學,理工微積分,10-3-3 Cartesian and Polar Coordinates,https://www.youtube.com/embed/B1LpCnijOfs,,
國立中央大學,理工微積分,11-4-3 Sequence vs  Series、Known Series and Example 1,https://www.youtube.com/embed/ZjuhaMG1spw,,
國立中央大學,理工微積分,11-8-7 Example 5,https://www.youtube.com/embed/xdaz_Xu6hgQ,,
國立中央大學,理工微積分,11-5-2 Proof of Alternating Series Test,https://www.youtube.com/embed/OdOmC8Xkg1s,,
國立中央大學,理工微積分,10-2-10 Surface Area,https://www.youtube.com/embed/q_zk3IArxjc,,
國立中央大學,理工微積分,11-6-10 Rearrangements,https://www.youtube.com/embed/peufx0zIJhY,,
國立中央大學,理工微積分,10-3-2 Example 1,https://www.youtube.com/embed/DS3zWxGyhOs,,
國立中央大學,理工微積分,10-4-4 Area of Bounded Region by Curves and Caution,https://www.youtube.com/embed/M0kov9kFQjs,,
國立中央大學,理工微積分,11-3-4 Example 1,https://www.youtube.com/embed/hAUi8hyocvc,,
國立中央大學,理工微積分,11-2-4 Example 3、4、5,https://www.youtube.com/embed/ixYqUHkPE6c,,
國立中央大學,理工微積分,10-1-4 Example 2、3,https://www.youtube.com/embed/O3bxDGb_7U0,,
國立中央大學,理工微積分,11-6-2 Theorem 3,https://www.youtube.com/embed/-Zi68msTofM,,
國立中央大學,理工微積分,10-4-2 Example 1,https://www.youtube.com/embed/T5j3U4FJR5E,,
國立中央大學,理工微積分,11-3-9 Estimate 3,https://www.youtube.com/embed/l8cEbWnyvVU,,
國立中央大學,理工微積分,10-2-5 Example 3,https://www.youtube.com/embed/Tcl0Xw0Ji1U,,
國立中央大學,理工微積分,10-2-9 Example 5,https://www.youtube.com/embed/wcaC3Npzfic,,
國立中央大學,理工微積分,10-2-7 Theorem 5,https://www.youtube.com/embed/EZ4s4Ps4PlQ,,
國立中央大學,理工微積分,11-6-7 Proof of Case iii,https://www.youtube.com/embed/_QRwhnQdX5c,,
國立中央大學,理工微積分,11-5-3 Example 1、2、 3,https://www.youtube.com/embed/TmLsqWOKZHA,,
國立中央大學,理工微積分,11-1-1 Sequences and Example 1、2、3c,https://www.youtube.com/embed/xm8K8EptPqY,,
國立中央大學,理工微積分,11-4-1 Foreword of Comparison Tests,https://www.youtube.com/embed/o9DHv5FJ71M,,
國立中央大學,理工微積分,11-1-4 Example 4、6、7、8,https://www.youtube.com/embed/PYl_NToOOAc,,
國立中央大學,理工微積分,10-3-8 Example 7,https://www.youtube.com/embed/UcS54qUkuZg,,
國立中央大學,理工微積分,11-1-5 Theorem 7 and Example 9、10、11,https://www.youtube.com/embed/0FCX-_g-7GE,,
國立中央大學,理工微積分,10-1-3 Parametric Curves,https://www.youtube.com/embed/K_8Cbf130xA,,
國立中央大學,理工微積分,10-3-5 Polar Curves,https://www.youtube.com/embed/AnSGwvsGdXs,,
國立中央大學,測量平差,18-2 課程文件:衛星觀測應用,https://www.youtube.com/embed/iVfKlr9N7Fs,測量平差,http://ocw.ncu.edu.tw/ocwdata/1011-32023/1011-32023.pdf
國立中央大學,測量平差,13-2 觀測及參數公式推導,https://www.youtube.com/embed/2yLHKxfL_4c,,
國立中央大學,測量平差,5. 估計式推導(I),https://www.youtube.com/embed/KUcGYqP6qEo,,
國立中央大學,測量平差,5. 估計式推導(II),https://www.youtube.com/embed/mqHeU1XgoNI,,
國立中央大學,測量平差,13-1 第五章混和模式平差 --觀測及參數,https://www.youtube.com/embed/U0JJ1r8Kb9E,,
國立中央大學,測量平差,4-2 估計式、幾何約制(II),https://www.youtube.com/embed/p1w__FN3-Sk,,
國立中央大學,測量平差,1-2 前言、間接觀測平差導讀(II),https://www.youtube.com/embed/T8m5xWz2ZpI,,
國立中央大學,測量平差,9-1 觀測及參數、2D投影轉換(I),https://www.youtube.com/embed/eGqw8Z2PvnE,,
國立中央大學,測量平差,6-1 條件觀測平差(I),https://www.youtube.com/embed/YjCkjtaKIwI,,
國立中央大學,測量平差,14-1 觀測及參數、代數與幾何,https://www.youtube.com/embed/srdzflzl98A,,
國立中央大學,測量平差,9-2 2D投影轉換(II)、混合模式平差,https://www.youtube.com/embed/6lbpaVFedhM,,
國立中央大學,測量平差,19-2(測量平差),https://www.youtube.com/embed/yZf-NGD2FNA,,
國立中央大學,測量平差,14-2 正交投影,https://www.youtube.com/embed/Z1YAbRpRSuA,,
國立中央大學,測量平差,20-1 混和觀測例題,https://www.youtube.com/embed/3yq_3d7B4c0,,
國立中央大學,測量平差,4-1 估計式、幾何約制(I),https://www.youtube.com/embed/ILc5_X3ZWiY,,
國立中央大學,測量平差,10-2 第四章習題講解,https://www.youtube.com/embed/l6oYipBAqOs,,
國立中央大學,測量平差,21 利用例題做整理+利用例題做整理+用研究生的PPT介紹應用實例,https://www.youtube.com/embed/Ys8ua67bj7s,,
國立中央大學,測量平差,7-1 綜合複習：第二章習題講解,https://www.youtube.com/embed/Q18Hhf5g0Ns,,
國立中央大學,測量平差,20-2 混和觀測例題,https://www.youtube.com/embed/kpxxPKypMMA,,
國立中央大學,測量平差,11-1  第四章習題講解、期中考考題講解(I),https://www.youtube.com/embed/ANJicnrUYbM,,
國立中央大學,測量平差,3-2 加權平均值,https://www.youtube.com/embed/FQeiGHd-PYk,,
國立中央大學,測量平差,2 矩陣相乘、誤差傳播定律,https://www.youtube.com/embed/ur8ZsG0uISU,,
國立中央大學,測量平差,16-1 附錄:D乘子與固有值   D.1正交方陣,https://www.youtube.com/embed/I2XgNq1QCOY,,
國立中央大學,測量平差,12-1  第四章習題講解、期中考考題講解(I),https://www.youtube.com/embed/R8_WBd2i4MA,,
國立中央大學,測量平差,11-2  期中考考題解講(II),https://www.youtube.com/embed/ng55C0SNJVc,,
國立中央大學,測量平差,16-2 D.2 誤差橢圓,https://www.youtube.com/embed/fXGXeyJwchQ,,
國立中央大學,測量平差,17-2 第五章整合(下)  第六章.雙方程組平差,https://www.youtube.com/embed/e2g3jRJjs70,,
國立中央大學,測量平差,19-1(測量平差),https://www.youtube.com/embed/FY4sOmyW9TI,,
國立中央大學,測量平差,10-1 第三章習題講解,https://www.youtube.com/embed/33tcQXlV1UY,,
國立中央大學,測量平差,6-2 條件觀測平差(II)、混合模式平差前言,https://www.youtube.com/embed/uTNaiE4h4Jg,,
國立中央大學,測量平差,8-2 觀測及參數公式推導II,https://www.youtube.com/embed/ctLsn32YNqE,,
國立中央大學,測量平差,5. 估計式推導(III),https://www.youtube.com/embed/jdZezW7fo6w,,
國立中央大學,測量平差,7-2 綜合複習：第三章習題講解,https://www.youtube.com/embed/zuNrYLvXJmk,,
國立中央大學,測量平差,3-1 習題2.3 & 2.4觀念導入,https://www.youtube.com/embed/wEbsq_Kgc60,,
國立中央大學,測量平差,18-1 課程文件:衛星觀測應用,https://www.youtube.com/embed/Bt_vmmQToA8,,
國立中央大學,測量平差,12-2  期中考考題講解(II),https://www.youtube.com/embed/Ml9wNwwEp0A,,
國立中央大學,測量平差,15-2 第五章整合,https://www.youtube.com/embed/9OH5TqFnOAw,,
國立中央大學,測量平差,8-1 觀測及參數公式推導I,https://www.youtube.com/embed/Zaz6x5f-HZg,,
國立中央大學,測量平差,15-1 5.2.2投影算子,https://www.youtube.com/embed/WMZwrG24OvI,,
國立中央大學,測量平差,1-1 前言、間接觀測平差導讀 (I),https://www.youtube.com/embed/MpOvi1EpYpA,,
國立中央大學,微積分1,W09CAL 090723 2 WMV V9,https://www.youtube.com/embed/SNg8MMXKL2Y,,
國立中央大學,微積分1,W09CAL 090820 3,https://www.youtube.com/embed/Za4dASx8Z-g,,
國立中央大學,微積分1,W09CAL 090813 3 WMV V9,https://www.youtube.com/embed/9N15Q186QzQ,,
國立中央大學,微積分1,W09CAL 090805 3 WMV V9,https://www.youtube.com/embed/L2lOrgdoLxU,,
國立中央大學,微積分1,W09CAL 090813 2 WMV V9,https://www.youtube.com/embed/uNcrRZsP6Rk,,
國立中央大學,微積分1,W09CAL 090715 2 WMV V9,https://www.youtube.com/embed/xOKMxzobWt4,,
國立中央大學,微積分1,W09CAL 090819 3 WMV V9,https://www.youtube.com/embed/gnhhFVtRZV0,,
國立中央大學,微積分1,W09CAL 090715 3 WMV V9,https://www.youtube.com/embed/iOBx0PAVLFg,,
國立中央大學,微積分1,W09CAL 090827 1,https://www.youtube.com/embed/-3u8bO8DbC4,,
國立中央大學,微積分1,W09CAL 090714 2 WMV V9,https://www.youtube.com/embed/3MlwU-PExik,,
國立中央大學,微積分1,W09CAL 090819 1 WMV V9,https://www.youtube.com/embed/aM_tXrU5x2w,,
國立中央大學,微積分1,W09CAL 090825 1,https://www.youtube.com/embed/OpovJRwvBNw,,
國立中央大學,微積分1,W09CAL 090714 1 WMV V9,https://www.youtube.com/embed/HG0bxd6Ns6A,,
國立中央大學,微積分1,W09CAL 090813 1 WMV V9,https://www.youtube.com/embed/wDR4hvv2j8M,,
國立中央大學,微積分1,W09CAL 090709 3 WMV V9,https://www.youtube.com/embed/ZWjlxd4DJNQ,,
國立中央大學,微積分1,W09CAL 090818 2 WMV V9,https://www.youtube.com/embed/OPKdZz7Q2ts,,
國立中央大學,微積分1,W09CAL 090716 3 WMV V9,https://www.youtube.com/embed/gRtD4uG5dBo,,
國立中央大學,微積分1,W09CAL 090730 1 WMV V9,https://www.youtube.com/embed/Q8684xqq1mI,,
國立中央大學,微積分1,W09CAL 090811 2 WMV V9,https://www.youtube.com/embed/qNf9kQYovoc,,
國立中央大學,微積分1,W09CAL 090804 2 WMV V9,https://www.youtube.com/embed/GPoJPkLdwiU,,
國立中央大學,微積分1,W09CAL 090826 1,https://www.youtube.com/embed/_71BoWZY9IA,,
國立中央大學,微積分1,W09CAL 090825 2,https://www.youtube.com/embed/a21mLFYg3DI,,
國立中央大學,微積分1,W09CAL 090708 3 WMV V9,https://www.youtube.com/embed/FpZ3bejdTOc,,
國立中央大學,微積分1,W09CAL 090716 2 WMV V9,https://www.youtube.com/embed/IKqSYwA1AJg,,
國立中央大學,微積分1,W09CAL 090728 1 WMV V9,https://www.youtube.com/embed/Slx5CmAPRi8,,
國立中央大學,微積分1,W09CAL 090812 1 WMV V9,https://www.youtube.com/embed/GATUGJ6lGO0,,
國立中央大學,微積分1,W09CAL 090812 2 WMV V9,https://www.youtube.com/embed/_NZWUc9gv6o,,
國立中央大學,微積分1,W09CAL 090708 2 WMV V9,https://www.youtube.com/embed/0t2l5dDIi5w,,
國立中央大學,微積分1,W09CAL 090804 1 WMV V9,https://www.youtube.com/embed/x1uww0KxXNg,,
國立中央大學,微積分1,W09CAL 090708 1 WMV V9,https://www.youtube.com/embed/y3WSXrwlDoM,,
國立中央大學,微積分1,W09CAL 090806 3 WMV V9,https://www.youtube.com/embed/RDbRyp_d_rU,,
國立中央大學,微積分1,W09CAL 090820 1,https://www.youtube.com/embed/eeUkpjT9-yI,,
國立中央大學,微積分1,W09CAL 090723 1 WMV V9,https://www.youtube.com/embed/Wxn-_f-aNyQ,,
國立中央大學,微積分1,W09CAL 090715 1 WMV V9,https://www.youtube.com/embed/xhBFp9KYVTg,,
國立中央大學,微積分1,W09CAL 090722 3 WMV V9,https://www.youtube.com/embed/ZD7D4XcJaFQ,,
國立中央大學,微積分1,W09CAL 090728 2 WMV V9,https://www.youtube.com/embed/DlB5i7SeiKg,,
國立中央大學,微積分1,W09CAL 090723 3 WMV V9,https://www.youtube.com/embed/5Gktf1VqFZc,,
國立中央大學,微積分1,W09CAL 090812 3 WMV V9,https://www.youtube.com/embed/3moWODa-Wto,,
國立中央大學,微積分1,W09CAL 090818 1 WMV V9,https://www.youtube.com/embed/eYTcQ0G1HTM,,
國立中央大學,微積分1,W09CAL 090806 1 WMV V9,https://www.youtube.com/embed/78AV1uWIEHA,,
國立中央大學,微積分1,W09CAL 090721 1 WMV V9,https://www.youtube.com/embed/ZSPQrd7_KXk,,
國立中央大學,微積分1,W09CAL 090729 2 WMV V9,https://www.youtube.com/embed/A2ctJpOQKbI,,
國立中央大學,微積分1,W09CAL 090729 3 WMV V9,https://www.youtube.com/embed/2c_2mu4tIxQ,,
國立中央大學,微積分1,W09CAL 090820 2,https://www.youtube.com/embed/eO-Ymz61AOY,,
國立中央大學,微積分1,W09CAL 090709 2 WMV V9,https://www.youtube.com/embed/yN3Ws26sFPw,,
國立中央大學,微積分1,W09CAL 090806 2 WMV V9,https://www.youtube.com/embed/E-eXq3mhVd4,,
國立中央大學,微積分1,W09CAL 090819 2 WMV V9,https://www.youtube.com/embed/mre6boXXJL8,,
國立中央大學,微積分1,W09CAL 090826 2,https://www.youtube.com/embed/liWODAxv33k,,
國立中央大學,微積分1,W09CAL 090722 1 WMV V9,https://www.youtube.com/embed/hH3ASXCsdJY,,
國立中央大學,微積分1,W09CAL 090716 1 WMV V9,https://www.youtube.com/embed/m95ie18--mg,,
國立中央大學,微積分1,W09CAL 090805 1 WMV V9,https://www.youtube.com/embed/icLzcJHtncQ,,
國立中央大學,微積分1,W09CAL 090721 2 WMV V9,https://www.youtube.com/embed/-q09WkepFtM,,
國立中央大學,微積分1,W09CAL 090730 2 WMV V9,https://www.youtube.com/embed/E9oq_Ax0kFc,,
國立中央大學,微積分1,W09CAL 090729 1 WMV V9,https://www.youtube.com/embed/ZdXJhrVVaf8,,
國立中央大學,微積分1,W09CAL 090805 2 WMV V9,https://www.youtube.com/embed/L5yQ67-iIOA,,
國立中央大學,微積分1,W09CAL 090811 1 WMV V9,https://www.youtube.com/embed/9zz0yTaiPz8,,
國立中央大學,微積分1,W09CAL 090709 1 WMV V9,https://www.youtube.com/embed/GCIHc906IUc,,
國立中央大學,微積分1,W09CAL 090827 2,https://www.youtube.com/embed/W5kW27ehKoA,,
國立中央大學,微積分2,21005 100107 2,https://www.youtube.com/embed/Qlx4GKXfHwU,,
國立中央大學,微積分2,21005 091015 2,https://www.youtube.com/embed/WtGeSIWtxPE,,
國立中央大學,微積分2,21005 091103 2,https://www.youtube.com/embed/WSe54bwShhY,,
國立中央大學,微積分2,21005 091008 1,https://www.youtube.com/embed/OOHnEYla6jA,,
國立中央大學,微積分2,21005 090924 2,https://www.youtube.com/embed/nRxY5lE7-WE,,
國立中央大學,微積分2,21005 090929 1,https://www.youtube.com/embed/0fbDE_HgRQc,,
國立中央大學,微積分2,21005 091110 2,https://www.youtube.com/embed/DlsAmSkSgBg,,
國立中央大學,微積分2,21005 091105 2,https://www.youtube.com/embed/-kz1YywRNHI,,
國立中央大學,微積分2,21005 091112 2,https://www.youtube.com/embed/OLfKRQTDxsM,,
國立中央大學,微積分2,21005 100105 2,https://www.youtube.com/embed/zKoU9F9hvd8,,
國立中央大學,微積分2,21005 090929 2,https://www.youtube.com/embed/lYGzB45sQnM,,
國立中央大學,微積分2,21005 091029 1,https://www.youtube.com/embed/sVF1ar-YHGw,,
國立中央大學,微積分2,21005 091231 2,https://www.youtube.com/embed/2-IJWaWdGAk,,
國立中央大學,微積分2,21005 091008 2,https://www.youtube.com/embed/DzZuo8FoElU,,
國立中央大學,微積分2,21005 091001 1,https://www.youtube.com/embed/OsZhCIDru4k,,
國立中央大學,微積分2,21005 091203 1,https://www.youtube.com/embed/pA4xdwRZBbQ,,
國立中央大學,微積分2,21005 090917 1,https://www.youtube.com/embed/YIqHlE4gArc,,
國立中央大學,微積分2,21005 091222 2,https://www.youtube.com/embed/WvyRj4DXyBE,,
國立中央大學,微積分2,21005 091022 2,https://www.youtube.com/embed/m5Gmo9MbYSQ,,
國立中央大學,微積分2,21005 100107 1,https://www.youtube.com/embed/JbfE_4KoHKI,,
國立中央大學,微積分2,21005 091103 1,https://www.youtube.com/embed/Ky0nWy6JIPM,,
國立中央大學,微積分2,21005 091229 1,https://www.youtube.com/embed/yD0xggPOKx4,,
國立中央大學,微積分2,21005 100107 4,https://www.youtube.com/embed/drEPN8GL7s8,,
國立中央大學,微積分2,21005 100107 3,https://www.youtube.com/embed/8lSt2GYdARM,,
國立中央大學,微積分2,21005 091208 1,https://www.youtube.com/embed/49tZy1JcPpU,,
國立中央大學,微積分2,21005 091006 1,https://www.youtube.com/embed/tPfKpQHqMvM,,
國立中央大學,微積分2,21005 091027 1,https://www.youtube.com/embed/y452_8_ILa4,,
國立中央大學,微積分2,21005 091222 1,https://www.youtube.com/embed/l_RcJVtgGK4,,
國立中央大學,微積分2,21005 100105 1,https://www.youtube.com/embed/0REOhtmFe-0,,
國立中央大學,微積分2,21005 091229 2,https://www.youtube.com/embed/pLK2zMVKo1w,,
國立中央大學,微積分2,21005 091110 1,https://www.youtube.com/embed/Y4y7BbQY4Kk,,
國立中央大學,微積分2,21005 091203 2,https://www.youtube.com/embed/COcjOq7EuiQ,,
國立中央大學,微積分2,21005 091224 1,https://www.youtube.com/embed/dALZLthhRq8,,
國立中央大學,微積分2,21005 091215 1,https://www.youtube.com/embed/cbOyQySoplk,,
國立中央大學,微積分2,21005 091208 2,https://www.youtube.com/embed/tigJ5yos8M4,,
國立中央大學,微積分2,21005 091210 1,https://www.youtube.com/embed/eVcCG3pkX1M,,
國立中央大學,微積分2,21005 091029 2,https://www.youtube.com/embed/vnhNvaXw9yo,,
國立中央大學,微積分2,21005 090917 2,https://www.youtube.com/embed/9q0ePHue5Js,,
國立中央大學,微積分2,21005 091022 1,https://www.youtube.com/embed/kui50ri6EAo,,
國立中央大學,微積分2,21005 090922 2,https://www.youtube.com/embed/Wih4-ZgbKxI,,
國立中央大學,微積分2,21005 091112 1,https://www.youtube.com/embed/3we5Y7ufDs8,,
國立中央大學,微積分2,21005 091013 2,https://www.youtube.com/embed/0MUlqtMzAWo,,
國立中央大學,微積分2,21005 091217 2,https://www.youtube.com/embed/dumBuATtRh4,,
國立中央大學,微積分2,21005 091119 2,https://www.youtube.com/embed/_XHfSkoDnN8,,
國立中央大學,微積分2,21005 090924 1,https://www.youtube.com/embed/AkS-kBJ406w,,
國立中央大學,微積分2,21005 091027 2,https://www.youtube.com/embed/qcRPirfzkmI,,
國立中央大學,微積分2,21005 091119 1,https://www.youtube.com/embed/IOtocqj6dhg,,
國立中央大學,微積分2,21005 091015 1,https://www.youtube.com/embed/q71s-N95CFU,,
國立中央大學,微積分2,21005 091001 2,https://www.youtube.com/embed/zKnpyu76QkE,,
國立中央大學,微積分2,21005 091006 2,https://www.youtube.com/embed/UqgPN2_SGRU,,
國立中央大學,微積分2,21005 091215 2,https://www.youtube.com/embed/6eHYtQIjHF4,,
國立中央大學,微積分2,21005 091105 1,https://www.youtube.com/embed/i1YDkIKl9Cw,,
國立中央大學,微積分2,21005 091210 2,https://www.youtube.com/embed/_vfRVtxUtIg,,
國立中央大學,微積分2,21005 091217 1,https://www.youtube.com/embed/TlHyhMjqg_k,,
國立中央大學,微積分2,21005 091013 1,https://www.youtube.com/embed/a7u98bSET4w,,
國立中央大學,當代中國大陸文學選讀,地下詩歌  知青流行歌曲,https://www.youtube.com/embed/uBFBAQn-ANc,,
國立中央大學,當代中國大陸文學選讀,傷痕與控訴—新時期的知青文學 2,https://www.youtube.com/embed/B2P0QPMIZQI,,
國立中央大學,當代中國大陸文學選讀,白洋淀詩群,https://www.youtube.com/embed/_qQSG7oBqfw,,
國立中央大學,當代中國大陸文學選讀,傷痕與控訴—新時期的知青文學 3,https://www.youtube.com/embed/kmtoIdR9TV4,,
國立中央大學,當代中國大陸文學選讀,知青文學出現之背景-2,https://www.youtube.com/embed/43Sam2IQFfg,,
國立中央大學,當代中國大陸文學選讀,人性與原欲—新時期的知青文學 2,https://www.youtube.com/embed/3WUcsNMTl1E,,
國立中央大學,當代中國大陸文學選讀,懷鄉與尋根—新時期的知青文學 4,https://www.youtube.com/embed/ENci3pBVzWk,,
國立中央大學,當代中國大陸文學選讀,知青文學形成的背景  文革與知青上山下鄉運動 3,https://www.youtube.com/embed/d0dbfSwJRzs,,
國立中央大學,當代中國大陸文學選讀,人性與原欲—新時期的知青文學 3,https://www.youtube.com/embed/HqENtk8MEX8,,
國立中央大學,當代中國大陸文學選讀,懷鄉與尋根—新時期的知青文學 5,https://www.youtube.com/embed/M6NXHD3hUuw,,
國立中央大學,當代中國大陸文學選讀,知青文學形成的背景  文革與知青上山下鄉運動 4,https://www.youtube.com/embed/UhtaNZNr_X4,,
國立中央大學,當代中國大陸文學選讀,知青文學形成的背景  文革與知青上山下鄉運動 2,https://www.youtube.com/embed/WOOv3yNkea0,,
國立中央大學,當代中國大陸文學選讀,傷痕與控訴—新時期的知青文學 1,https://www.youtube.com/embed/0AtNZ1DQAbo,,
國立中央大學,當代中國大陸文學選讀,知青文學形成的背景--文革與知青上山下鄉運動-退潮,https://www.youtube.com/embed/7KW9MzBjI18,,
國立中央大學,當代中國大陸文學選讀,懷鄉與尋根—新時期的知青文學 1,https://www.youtube.com/embed/mSaYYQ6X528,,
國立中央大學,當代中國大陸文學選讀,知青文學形成的背景  文革與知青上山下鄉運動 1,https://www.youtube.com/embed/JG1BEy_iykk,,
國立中央大學,當代中國大陸文學選讀,懷鄉與尋根—新時期的知青文學 2,https://www.youtube.com/embed/lUU34BbcUBE,,
國立中央大學,當代中國大陸文學選讀,人性與原欲—新時期的知青文學 1,https://www.youtube.com/embed/5zYmC67CJ2E,,
國立中央大學,當代中國大陸文學選讀,懷鄉與尋根—新時期的知青文學 3,https://www.youtube.com/embed/abCchiZLXlA,,
國立中央大學,當代中國大陸文學選讀,知青文學形成的背景  文革與知青上山下鄉運動 5,https://www.youtube.com/embed/1en3mT_KWxk,,
國立中央大學,當代中國大陸文學選讀,知青文學出現之背景-1,https://www.youtube.com/embed/kmA9EyYqz4M,,
國立中央大學,經濟學(上),第九週-1,https://www.youtube.com/embed/81iskGrVqkc,,
國立中央大學,經濟學(上),第十一週 - 1,https://www.youtube.com/embed/C0M0kpF1e5s,,
國立中央大學,經濟學(上),第六週-3,https://www.youtube.com/embed/NK1d9w1w13Q,,
國立中央大學,經濟學(上),第七週 -2,https://www.youtube.com/embed/SHHiyyQnAWA,,
國立中央大學,經濟學(上),第五週-2,https://www.youtube.com/embed/HiGDqC1tVy4,,
國立中央大學,經濟學(上),第十三週-2,https://www.youtube.com/embed/56tDU-Ku78k,,
國立中央大學,經濟學(上),第九週-3,https://www.youtube.com/embed/om0LGK8gbKk,,
國立中央大學,經濟學(上),第五週-1,https://www.youtube.com/embed/uP4BFsnocTE,,
國立中央大學,經濟學(上),第六週-2,https://www.youtube.com/embed/mtps85cM-oE,,
國立中央大學,經濟學(上),第七週 -1,https://www.youtube.com/embed/enmAJsdTLuU,,
國立中央大學,經濟學(上),第八週,https://www.youtube.com/embed/jT9hzvMm1ZY,,
國立中央大學,經濟學(上),第三週-1,https://www.youtube.com/embed/fZzCP77TPI8,,
國立中央大學,經濟學(上),第十三週-1,https://www.youtube.com/embed/voVSAIt9014,,
國立中央大學,經濟學(上),1-1 何謂經濟學、經濟學的十大原理(I),https://www.youtube.com/embed/5BT6L28rLZg,,
國立中央大學,經濟學(上),第十週-3,https://www.youtube.com/embed/682xzZk9QFQ,,
國立中央大學,經濟學(上),第四週-1,https://www.youtube.com/embed/XgVTdIO9jJ8,,
國立中央大學,經濟學(上),第十二週 - 2,https://www.youtube.com/embed/vMD4YcjdNks,,
國立中央大學,經濟學(上),第三週-2,https://www.youtube.com/embed/jv1jE6J2sgA,,
國立中央大學,經濟學(上),2-3 人們如何作決策之4原理(II),https://www.youtube.com/embed/9IhKYkQh0BA,,
國立中央大學,經濟學(上),第十四週-1,https://www.youtube.com/embed/W71YeQtu_qU,,
國立中央大學,經濟學(上),第四週-2,https://www.youtube.com/embed/Xx-s8Yimvuk,,
國立中央大學,經濟學(上),第十二週 - 3,https://www.youtube.com/embed/e6iXZvdb9pQ,,
國立中央大學,經濟學(上),第十四週-2,https://www.youtube.com/embed/1pxa6Thts7Y,,
國立中央大學,經濟學(上),第十一週 - 2,https://www.youtube.com/embed/6AMw_Bp8Sh0,,
國立中央大學,經濟學(上),第五週-3,https://www.youtube.com/embed/4-T4RS_54u0,,
國立中央大學,經濟學(上),第十三週-3,https://www.youtube.com/embed/k08HeMmO-S8,,
國立中央大學,經濟學(上),第六週-1,https://www.youtube.com/embed/tYV5uxfeSMQ,,
國立中央大學,經濟學(上),1-2 何謂經濟學、經濟學的十大原理(II),https://www.youtube.com/embed/8rvjpAuinUA,,
國立中央大學,經濟學(上),第十一週 - 3,https://www.youtube.com/embed/4M93HTloG2M,,
國立中央大學,經濟學(上),2-2 人們如何作決策之4原理(I),https://www.youtube.com/embed/D6ts2yutl3k,,
國立中央大學,經濟學(上),第九週-2,https://www.youtube.com/embed/QZs2Hf7Hyj4,,
國立中央大學,經濟學(上),第十四週-3,https://www.youtube.com/embed/J9z8C0-ge5E,,
國立中央大學,經濟學(上),第七週 -3,https://www.youtube.com/embed/48KqLYJ9WUM,,
國立中央大學,經濟學(上),第十週-1,https://www.youtube.com/embed/oeZLp9UEMsA,,
國立中央大學,經濟學(上),2-1 學期內容章節導讀,https://www.youtube.com/embed/mWpPO7bcHCo,,
國立中央大學,經濟學(上),第十週-2,https://www.youtube.com/embed/_l8dAkqF430,,
國立中央大學,經濟學(上),第十二週 - 1,https://www.youtube.com/embed/XujYTnI94wo,,
國立中央大學,經濟學(下),第二週-2,https://www.youtube.com/embed/sm-MUh7evGM,,
國立中央大學,經濟學(下),第三週-3,https://www.youtube.com/embed/RJj0QWMdpGI,,
國立中央大學,經濟學(下),第八週-2,https://www.youtube.com/embed/asjUK4yDPPc,,
國立中央大學,經濟學(下),第六週-3,https://www.youtube.com/embed/SA5FxcnTa3Y,,
國立中央大學,經濟學(下),第一週-3,https://www.youtube.com/embed/dSIGV4dzDfQ,,
國立中央大學,經濟學(下),第一週-2,https://www.youtube.com/embed/OZAYadIEvPM,,
國立中央大學,經濟學(下),第十四週-1,https://www.youtube.com/embed/ovrxTTjes6w,,
國立中央大學,經濟學(下),第十二週-3,https://www.youtube.com/embed/8DwHPlCPciU,,
國立中央大學,經濟學(下),第四週-1,https://www.youtube.com/embed/_XAQS1FtH7I,,
國立中央大學,經濟學(下),第十五週-3,https://www.youtube.com/embed/syolgPNQXu8,,
國立中央大學,經濟學(下),第五週-2,https://www.youtube.com/embed/OT8GwW3Ic84,,
國立中央大學,經濟學(下),第十三週-1,https://www.youtube.com/embed/NMqIG1ibKaI,,
國立中央大學,經濟學(下),第十五週-1,https://www.youtube.com/embed/7rd9YnRq2N4,,
國立中央大學,經濟學(下),第十一週-2,https://www.youtube.com/embed/bhZf6mOwPe4,,
國立中央大學,經濟學(下),第六週-1,https://www.youtube.com/embed/5tHB9m4PuCA,,
國立中央大學,經濟學(下),第三週-1,https://www.youtube.com/embed/eLHNMCg57dc,,
國立中央大學,經濟學(下),第八週-1,https://www.youtube.com/embed/p3fEEJwOTrc,,
國立中央大學,經濟學(下),第三週-2,https://www.youtube.com/embed/aIJY1RZYIUo,,
國立中央大學,經濟學(下),第十五週-2,https://www.youtube.com/embed/v_Ket5W7swM,,
國立中央大學,經濟學(下),第十六週-2,https://www.youtube.com/embed/wdxrv7Jx1Kw,,
國立中央大學,經濟學(下),第二週-3,https://www.youtube.com/embed/2TjKKmNJwUg,,
國立中央大學,經濟學(下),第六週-2,https://www.youtube.com/embed/jp1-2Kdx8D4,,
國立中央大學,經濟學(下),第十四週-2,https://www.youtube.com/embed/KfcsX7rgoFs,,
國立中央大學,經濟學(下),第十二週-1,https://www.youtube.com/embed/nzbFDmYap6E,,
國立中央大學,經濟學(下),第十二週-2,https://www.youtube.com/embed/c7wlRiQpD_s,,
國立中央大學,經濟學(下),第四週-2,https://www.youtube.com/embed/1eBXCIrw3yA,,
國立中央大學,經濟學(下),第十三週-2,https://www.youtube.com/embed/arNeiZOrPLY,,
國立中央大學,經濟學(下),第十六週-1,https://www.youtube.com/embed/zJCKle21dao,,
國立中央大學,經濟學(下),第二週-1,https://www.youtube.com/embed/ByDJ4kza-A8,,
國立中央大學,經濟學(下),第十週-1,https://www.youtube.com/embed/ed6U8XVAwhg,,
國立中央大學,經濟學(下),第五週-1,https://www.youtube.com/embed/Wag-pMYet0Q,,
國立中央大學,經濟學(下),第十一週-3,https://www.youtube.com/embed/__M9qYjvxUc,,
國立中央大學,經濟學(下),第四週-3,https://www.youtube.com/embed/LFwkG28gVAs,,
國立中央大學,經濟學(下),第十一週-1,https://www.youtube.com/embed/CUgW7hZft7k,,
國立中央大學,經濟學(下),第一週-1,https://www.youtube.com/embed/2iRuBXEff1M,,
國立中央大學,經濟學(下),第十三週-3,https://www.youtube.com/embed/njD-1LxiOFk,,
國立中央大學,管院微積分(一),lec5-2 Example 1 & Example 2,https://www.youtube.com/embed/VAandUBpqLs,,
國立中央大學,管院微積分(一),lec5-7 Vertical Line Test,https://www.youtube.com/embed/M6Ia1a37vcE,,
國立中央大學,管院微積分(一),lec13-2 The Chain Rule for Power Functions,https://www.youtube.com/embed/5jTsdh10GQo,,
國立中央大學,管院微積分(一),lec8-2 Intuitive Definition of a Limit,https://www.youtube.com/embed/8F1JgMxgl6g,,
國立中央大學,管院微積分(一),lec1-2 Laws of Exponents & Example 1,https://www.youtube.com/embed/M0smxoWJZcM,,
國立中央大學,管院微積分(一),lec14-3 (Marginal) Average Cost Functions & Example 3,https://www.youtube.com/embed/d1enEi9RMqo,,
國立中央大學,管院微積分(一),lec16-3 Example 3,https://www.youtube.com/embed/WtELyxBaaHI,,
國立中央大學,管院微積分(一),lec16-4 Example 4,https://www.youtube.com/embed/GoL9BHz7REU,,
國立中央大學,管院微積分(一),lec16-6 Example 6： Related-Rates Problem,https://www.youtube.com/embed/vsXeLxd1rsg,,
國立中央大學,管院微積分(一),lec10-4 Example 2,https://www.youtube.com/embed/tBjpAIqy_8A,,
國立中央大學,管院微積分(一),lec3-2 Distance Formula & Equation of a Circle,https://www.youtube.com/embed/UmZm7g0rDB0,,
國立中央大學,管院微積分(一),lec16-8 Example 8： Related-Rates Problem,https://www.youtube.com/embed/pU6S6GPE-6Y,,
國立中央大學,管院微積分(一),lec9-5 Properties of Continuous Functions,https://www.youtube.com/embed/k0QGna5gwEg,,
國立中央大學,管院微積分(一),lec15-1 Higher-Order Derivatives & Example 1,https://www.youtube.com/embed/fRZZAxgBLBA,,
國立中央大學,管院微積分(一),lec16-9 Example 9： Related-Rates Problem,https://www.youtube.com/embed/ar3AntdIqco,,
國立中央大學,管院微積分(一),lec8-1 Introduction to Calculus,https://www.youtube.com/embed/f8WXXHb4XH4,,
國立中央大學,管院微積分(一),lec9-9 Example 5 and Example 6,https://www.youtube.com/embed/gQnAm1nx_ho,,
國立中央大學,管院微積分(一),lec10-3 Derivative and Example 1,https://www.youtube.com/embed/vVYtToTcHkk,,
國立中央大學,管院微積分(一),lec8-8 Limit of a Function at Infinity & Example 5,https://www.youtube.com/embed/PbzvxzeRwWE,,
國立中央大學,管院微積分(一),lec6-4 Example 3,https://www.youtube.com/embed/7pnfJXhLKgU,,
國立中央大學,管院微積分(一),lec14-9 Elastic. Unitary. and Inelastic Demand & Example 8,https://www.youtube.com/embed/SZPP4v54uxY,,
國立中央大學,管院微積分(一),lec14-4 Example 4,https://www.youtube.com/embed/yYZhQJMIXMI,,
國立中央大學,管院微積分(一),lec9-3 Continuous Functions,https://www.youtube.com/embed/kGFTqdDrYlI,,
國立中央大學,管院微積分(一),lec13-3 Example 1,https://www.youtube.com/embed/TzjNIXzRzA0,,
國立中央大學,管院微積分(一),lec11-2 The Power Rule,https://www.youtube.com/embed/5SCgewDsJrI,,
國立中央大學,管院微積分(一),lec4-1 Slope of a Line. Parallel Lines and Perpendicular Lines,https://www.youtube.com/embed/pT9TBUwAJXQ,,
國立中央大學,管院微積分(一),lec2-6 Example 5,https://www.youtube.com/embed/2W2qjaXyiQ4,,
國立中央大學,管院微積分(一),lec11-1 Derivative of a Constant,https://www.youtube.com/embed/ZCYWup1Sctk,,
國立中央大學,管院微積分(一),lec10-2 Difference Quotient and Instantaneous Rates of Change,https://www.youtube.com/embed/w5CvI02DvEk,,
國立中央大學,管院微積分(一),lec8-9 Theorem 2 and Example 6,https://www.youtube.com/embed/vDpvR9zYX4c,,
國立中央大學,管院微積分(一),lec10-5 Differentiability and Continuity,https://www.youtube.com/embed/lr8wNtPl2I0,,
國立中央大學,管院微積分(一),lec14-8 Example 7,https://www.youtube.com/embed/SUSBU3Gmf3A,,
國立中央大學,管院微積分(一),lec7-4 Mathematical Modeling. Example 6 & Example 7,https://www.youtube.com/embed/zuxtpkmGfuo,,
國立中央大學,管院微積分(一),lec11-3 Derivative of a Constant Multiple Function,https://www.youtube.com/embed/2FliRY1-sLs,,
國立中央大學,管院微積分(一),lec5-3 Graphs of Functions,https://www.youtube.com/embed/Gs5FT2s_seo,,
國立中央大學,管院微積分(一),lec16-2 Example 1 & Example 2,https://www.youtube.com/embed/myz0_lcTkFA,,
國立中央大學,管院微積分(一),lec17-3 Example 2,https://www.youtube.com/embed/Eo5ud46yYmA,,
國立中央大學,管院微積分(一),lec3-1 Cartesian Coordinate System,https://www.youtube.com/embed/lNB_wezjFOQ,,
國立中央大學,管院微積分(一),lec16-7 Example 7： Related-Rates Problem,https://www.youtube.com/embed/f8NtTuVN114,,
國立中央大學,管院微積分(一),lec6-1 The Sum. Difference. Product and Quotient of Functions & Example 1,https://www.youtube.com/embed/3Rb75qWWzew,,
國立中央大學,管院微積分(一),lec10-6 Example 3,https://www.youtube.com/embed/b7eBMw5_jDA,,
國立中央大學,管院微積分(一),lec5-4 Translations of Functions,https://www.youtube.com/embed/is9DviixZUo,,
國立中央大學,管院微積分(一),lec14-2 Example 2,https://www.youtube.com/embed/HHC_1et911g,,
國立中央大學,管院微積分(一),lec13-1 The Chain Rule,https://www.youtube.com/embed/HgzXjHr2skg,,
國立中央大學,管院微積分(一),lec5-1 Functions,https://www.youtube.com/embed/xLcJ6dAqDSw,,
國立中央大學,管院微積分(一),lec8-5 Example 2,https://www.youtube.com/embed/Pqb2O93M7Gw,,
國立中央大學,管院微積分(一),lec8-4 Theorem 1：Properties of Limits,https://www.youtube.com/embed/PZnq-psOmC4,,
國立中央大學,管院微積分(一),lec17-2 Differentials,https://www.youtube.com/embed/5KPT52ySmFo,,
國立中央大學,管院微積分(一),lec10-11 Proof of Theorem,https://www.youtube.com/embed/C9qx8Nj4aUQ,,
國立中央大學,管院微積分(一),lec6-3 The Composition of Two Functions,https://www.youtube.com/embed/ad2pDfjMfjE,,
國立中央大學,管院微積分(一),lec5-5 Piecewise defined Function,https://www.youtube.com/embed/9-gI0ox3FRk,,
國立中央大學,管院微積分(一),lec4-2 Equations of Lines,https://www.youtube.com/embed/O2Cd2nmBKUA,,
國立中央大學,管院微積分(一),lec12-3 The Quotient Rule,https://www.youtube.com/embed/hmSLfWvoDEg,,
國立中央大學,管院微積分(一),lec14-7 Elasticity of Demand,https://www.youtube.com/embed/R-dR5uxyQrA,,
國立中央大學,管院微積分(一),lec10-1 Slope of the Tangent Line,https://www.youtube.com/embed/dYD7XZwfjl0,,
國立中央大學,管院微積分(一),lec10-10 Example 7,https://www.youtube.com/embed/Z6fP6KO9KAk,,
國立中央大學,管院微積分(一),lec15-4 Example 6(Inflation Rate),https://www.youtube.com/embed/LwRDD4h-ghI,,
國立中央大學,管院微積分(一),lec9-8 Existence of Zeros of a Continuous Function and Example 4,https://www.youtube.com/embed/y1CqNqOjdUc,,
國立中央大學,管院微積分(一),lec12-2 Example 1,https://www.youtube.com/embed/0EI47FOfHsk,,
國立中央大學,管院微積分(一),lec15-2 Example 2 & Example 3,https://www.youtube.com/embed/fkxdq3AgwE4,,
國立中央大學,管院微積分(一),lec14-6 (Marginal) Profit Functions & Example 6,https://www.youtube.com/embed/wzRVQhPytYs,,
國立中央大學,管院微積分(一),lec8-6 Notes of Theorem 1,https://www.youtube.com/embed/tuVDzQk-LmU,,
國立中央大學,管院微積分(一),lec11-5 Example 1,https://www.youtube.com/embed/VwP8B2Q5RJE,,
國立中央大學,管院微積分(一),lec12-4 Example 2,https://www.youtube.com/embed/9qhrcdsp5uM,,
國立中央大學,管院微積分(一),lec2-5 Absolute Value,https://www.youtube.com/embed/A2rQ9n0GvqU,,
國立中央大學,管院微積分(一),lec14-1 Marginal Cost Functions,https://www.youtube.com/embed/M_kugZDoBps,,
國立中央大學,管院微積分(一),lec2-3 Example 3：Rationalizing Algebraic Fractions,https://www.youtube.com/embed/tIShfIo1WWU,,
國立中央大學,管院微積分(一),lec12-1 The Product Rule,https://www.youtube.com/embed/pG1lHX-ucAs,,
國立中央大學,管院微積分(一),lec2-4 Inequality & Example 4,https://www.youtube.com/embed/lUOEPoWts0Q,,
國立中央大學,管院微積分(一),lec13-4 Example 2,https://www.youtube.com/embed/eMAezXlsY_k,,
國立中央大學,管院微積分(一),lec15-3 Example 4 & Example 5,https://www.youtube.com/embed/0llSSLTCUyw,,
國立中央大學,管院微積分(一),lec5-6 Curve,https://www.youtube.com/embed/aHnztfvrJBA,,
國立中央大學,管院微積分(一),lec10-7 Example 4,https://www.youtube.com/embed/xMDD185s6Sk,,
國立中央大學,管院微積分(一),lec8-10 Example 7,https://www.youtube.com/embed/UUM8Wz19geA,,
國立中央大學,管院微積分(一),lec9-2 Theorem 3 and Example 1,https://www.youtube.com/embed/sHuFcUMVPo0,,
國立中央大學,管院微積分(一),lec7-1 Mathematical Models,https://www.youtube.com/embed/o70n7rjnnbU,,
國立中央大學,管院微積分(一),lec11-4 The Sum Rule,https://www.youtube.com/embed/a0mzhuYVI5I,,
國立中央大學,管院微積分(一),lec12-5 Example 3 & Example 4,https://www.youtube.com/embed/AQOvTH9AKK4,,
國立中央大學,管院微積分(一),lec7-2 Polynomial. Rational and Power Functions,https://www.youtube.com/embed/HiwJUsHZeJ8,,
國立中央大學,管院微積分(一),lec10-9 Example 6,https://www.youtube.com/embed/qZPA5sM_K9g,,
國立中央大學,管院微積分(一),lec9-1 One Sided Limits,https://www.youtube.com/embed/PmBqFMyBI5A,,
國立中央大學,管院微積分(一),lec11-6 Example 2 & Example 3,https://www.youtube.com/embed/qMmrsO4vAys,,
國立中央大學,管院微積分(一),lec9-4 Example 2,https://www.youtube.com/embed/gm4v4KSSLj0,,
國立中央大學,管院微積分(一),lec16-1 Implicit Differentiation,https://www.youtube.com/embed/OoolcO6mZ2s,,
國立中央大學,管院微積分(一),lec14-5 (Marginal) Revenue Functions & Example 5,https://www.youtube.com/embed/gZGKxSkwwck,,
國立中央大學,管院微積分(一),lec2-2 Example 2： Other Algebraic Fractions,https://www.youtube.com/embed/a6H3NLN-0ZQ,,
國立中央大學,管院微積分(一),lec7-3 Demand and Supply Functions & Example 5,https://www.youtube.com/embed/833XIuLZ9bw,,
國立中央大學,管院微積分(一),lec10-8 Example 5,https://www.youtube.com/embed/S2-XhFyaMv4,,
國立中央大學,管院微積分(一),lec8-7 Indeterminate Forms. Example 3 & Example 4,https://www.youtube.com/embed/2AarUW3TGdA,,
國立中央大學,管院微積分(一),lec16-5 Example 5： Related-Rates Problem,https://www.youtube.com/embed/a8l_QCPfhBY,,
國立中央大學,管院微積分(一),lec2-1 Rational Expressions & Example 1,https://www.youtube.com/embed/KNxDTQ_hMUU,,
國立中央大學,管院微積分(一),lec8-3 Limit of a Function & Example 1,https://www.youtube.com/embed/ym8owlUrQ9U,,
國立中央大學,管院微積分(一),lec1-1 Exponents and Radicals,https://www.youtube.com/embed/2Tg8WXRHoSE,,
國立中央大學,管院微積分(一),lec9-7 Intermediate Value Theorem,https://www.youtube.com/embed/PH56ZSrgyWQ,,
國立中央大學,管院微積分(一),lec9-6 Example 3,https://www.youtube.com/embed/j6Xlkv3d4eM,,
國立中央大學,管院微積分(一),lec13-5 Example 3(Arteriosclerosis),https://www.youtube.com/embed/RVEqtCHp3L4,,
國立中央大學,管院微積分(一),lec6-5 Example 4,https://www.youtube.com/embed/wsQIwDTeYnY,,
國立中央大學,管院微積分(一),lec1-3 Factoring & Example 2,https://www.youtube.com/embed/jpeuqQNeOMk,,
國立中央大學,管院微積分(一),lec6-2 Example 2,https://www.youtube.com/embed/izpFdzHz0L4,,
國立中央大學,管院微積分(一),lec17-1 Increments Example 1,https://www.youtube.com/embed/Tf7o0Digr4E,,
國立中央大學,管院微積分(二),lec31-1 The Area Under the Graph of a Function,https://www.youtube.com/embed/Ps5DxZzrdZM,,
國立中央大學,管院微積分(二),lec35-4 Accumulated or Total Future Value of an Income Stream,https://www.youtube.com/embed/AQS6xIMY8kI,,
國立中央大學,管院微積分(二),lec38-5 Example 2,https://www.youtube.com/embed/PduIsUeTupY,,
國立中央大學,管院微積分(二),lec29-1 Antiderivative. Example 1 & Example 2,https://www.youtube.com/embed/vqk5JfeVLqA,,
國立中央大學,管院微積分(二),lec32-6 Example 8 & Example 9,https://www.youtube.com/embed/gu3teXSFvBk,,
國立中央大學,管院微積分(二),lec29-3 Basic Integration Rules,https://www.youtube.com/embed/Gx5lDFQG-To,,
國立中央大學,管院微積分(二),lec44-2 Example 1,https://www.youtube.com/embed/PXwTBduXEzE,,
國立中央大學,管院微積分(二),lec38-3 Simpson's Rule,https://www.youtube.com/embed/tg6YI1CCgeM,,
國立中央大學,管院微積分(二),lec32-5 Example 7,https://www.youtube.com/embed/2wxjGx1vJ2c,,
國立中央大學,管院微積分(二),lec35-1 Consumers' Surplus,https://www.youtube.com/embed/lO_k1M0sMT8,,
國立中央大學,管院微積分(二),lec28-5 Example 3(Radioactive Decay),https://www.youtube.com/embed/RCw-mZ_hWb8,,
國立中央大學,管院微積分(二),lec37-2 Example 1 ~ Example 3,https://www.youtube.com/embed/4HleQErod_4,,
國立中央大學,管院微積分(二),lec34-4 Example 5 and Example 6,https://www.youtube.com/embed/Y_n7IDu7D2w,,
國立中央大學,管院微積分(二),lec43-6 Example 4,https://www.youtube.com/embed/8tUKlWqJCc8,,
國立中央大學,管院微積分(二),lec39-2 Example 2 ~ Example 4,https://www.youtube.com/embed/Pf4BhiGMWn8,,
國立中央大學,管院微積分(二),lec35-10 Coefficient of Inequality of a Lorentz Curve & Example 7,https://www.youtube.com/embed/_AyUr3kJmt8,,
國立中央大學,管院微積分(二),lec37-1 Review A Table of Integrals,https://www.youtube.com/embed/7Be-sefekb0,,
國立中央大學,管院微積分(二),lec30-1 Integration by Substitution   Example 1  Example 3,https://www.youtube.com/embed/XbVEW9drwpI,,
國立中央大學,管院微積分(二),lec32-2 Example 1 ~ Example 5,https://www.youtube.com/embed/n3uNj52VNyM,,
國立中央大學,管院微積分(二),lec33-4 Average Value of a Function,https://www.youtube.com/embed/JQ42iAcUDYo,,
國立中央大學,管院微積分(二),lec39-1 Improper Integrals,https://www.youtube.com/embed/0ZuML8InEn4,,
國立中央大學,管院微積分(二),lec38-1 Approximating Definite Integrals,https://www.youtube.com/embed/w4P7TnteSo8,,
國立中央大學,管院微積分(二),lec34-2 Example 1 and Example 2,https://www.youtube.com/embed/sZfuBRH6Tdk,,
國立中央大學,管院微積分(二),lec35-3 Example 1,https://www.youtube.com/embed/ezUXIjYjNqk,,
國立中央大學,管院微積分(二),lec38-2 The Trapezoidal Rule,https://www.youtube.com/embed/beqXbZMBNkg,,
國立中央大學,管院微積分(二),lec40-2 Example 1 & Example 2,https://www.youtube.com/embed/6V7twyj5dck,,
國立中央大學,管院微積分(二),lec43-2 Notes(Saddle Point),https://www.youtube.com/embed/IlXtNaVbz5U,,
國立中央大學,管院微積分(二),lec39-3 Example 5,https://www.youtube.com/embed/eOBnSEapt5s,,
國立中央大學,管院微積分(二),lec35-9 Lorentz Curve & Example 6,https://www.youtube.com/embed/wDlaAMTd2ds,,
國立中央大學,管院微積分(二),lec37-3 Example 4 ~ Example 6,https://www.youtube.com/embed/nGvNlEsnZjI,,
國立中央大學,管院微積分(二),lec35-2 Producers' Surplus,https://www.youtube.com/embed/rlBRlOqaIF0,,
國立中央大學,管院微積分(二),lec34-1 The Area Between Two Curves,https://www.youtube.com/embed/Sjg4FoKaBwQ,,
國立中央大學,管院微積分(二),lec42-4 Example 3,https://www.youtube.com/embed/JyqmclrGjrc,,
國立中央大學,管院微積分(二),lec28-10 Example 6,https://www.youtube.com/embed/AxcKBm_tjf0,,
國立中央大學,管院微積分(二),lec39-4 Perpetuities & Example 6,https://www.youtube.com/embed/SieP-L9GXAc,,
國立中央大學,管院微積分(二),lec38-4 Example 1,https://www.youtube.com/embed/ut5HmPOJ4jw,,
國立中央大學,管院微積分(二),lec33-6 Geometric Interpretation of the Average Value of a Function,https://www.youtube.com/embed/Fe0vnwdlMX0,,
國立中央大學,管院微積分(二),lec42-7 Second Order Partial Derivatives,https://www.youtube.com/embed/7lLCkhiEDsU,,
國立中央大學,管院微積分(二),lec40-1 Volume of a Solid of Revolution,https://www.youtube.com/embed/9mljD15W7Vw,,
國立中央大學,管院微積分(二),lec35-5 Example 2,https://www.youtube.com/embed/nvx6NbkIhYk,,
國立中央大學,管院微積分(二),lec31-5 Geometric Interpretation of the Definite Integral,https://www.youtube.com/embed/Sp2jl_9rV4E,,
國立中央大學,管院微積分(二),lec43-4 Example 1 & Example 2,https://www.youtube.com/embed/02LLrXOle-4,,
國立中央大學,管院微積分(二),lec31-3 Example 2,https://www.youtube.com/embed/h1ZN8jLEagQ,,
國立中央大學,管院微積分(二),lec29-2 The Indefinite Integral,https://www.youtube.com/embed/dHe3_pw0j7k,,
國立中央大學,管院微積分(二),lec38-8 Error Analysis,https://www.youtube.com/embed/pM5rDQ22GCU,,
國立中央大學,管院微積分(二),lec28-2 Example 1,https://www.youtube.com/embed/ZSa4fj4QGEM,,
國立中央大學,管院微積分(二),lec42-2 Example 1,https://www.youtube.com/embed/AU4orDzOSGQ,,
國立中央大學,管院微積分(二),lec32-1 The Fundamental Theorem of Calculus,https://www.youtube.com/embed/9Va6LhMHwZk,,
國立中央大學,管院微積分(二),lec38-6 Example 4,https://www.youtube.com/embed/8ZSwr_2g5Uc,,
國立中央大學,管院微積分(二),lec42-5 The Cobb-Douglas Production Function & Example 4,https://www.youtube.com/embed/E11bHHNCn3A,,
國立中央大學,管院微積分(二),lec31-2 Example 1,https://www.youtube.com/embed/C11yR7ZetSA,,
國立中央大學,管院微積分(二),lec28-8 Example 5,https://www.youtube.com/embed/ScN2PDKoYSA,,
國立中央大學,管院微積分(二),lec31-4 The Definite Integral,https://www.youtube.com/embed/f4732EdywMU,,
國立中央大學,管院微積分(二),lec32-4 Example 6(Net Change),https://www.youtube.com/embed/12xcMDF1WWA,,
國立中央大學,管院微積分(二),lec43-5 Example 3,https://www.youtube.com/embed/f9k3yiLaIEo,,
國立中央大學,管院微積分(二),lec28-6 Example 4(Carbon 14 Decay),https://www.youtube.com/embed/v2V8j4EBZPs,,
國立中央大學,管院微積分(二),lec32-7 Validity of the Fundamental Theorem of Calculus,https://www.youtube.com/embed/bjERz12UKcg,,
國立中央大學,管院微積分(二),lec42-1 First Partial Derivatives,https://www.youtube.com/embed/RvCi6sYqcXk,,
國立中央大學,管院微積分(二),lec43-3 Critical Point and The Second Derivative Test,https://www.youtube.com/embed/BGZxeXC-iww,,
國立中央大學,管院微積分(二),lec40-4 Example 5,https://www.youtube.com/embed/IKMuQ1NGgIw,,
國立中央大學,管院微積分(二),lec33-3 Example 2 ~ Example 4,https://www.youtube.com/embed/UqrfcRADyi8,,
國立中央大學,管院微積分(二),lec32-3 Note,https://www.youtube.com/embed/uDv0YUsxLQw,,
國立中央大學,管院微積分(二),lec36-5 Explore and Discuss,https://www.youtube.com/embed/qX31PIs7njA,,
國立中央大學,管院微積分(二),lec42-8 Example 6 & Example 7,https://www.youtube.com/embed/mWqPPi2lgvs,,
國立中央大學,管院微積分(二),lec38-9 Example 6,https://www.youtube.com/embed/i3kywDDN4g4,,
國立中央大學,管院微積分(二),lec41-2 Example 3 & Example 4,https://www.youtube.com/embed/tZIgk3N-0ns,,
國立中央大學,管院微積分(二),lec36-4 Example 5,https://www.youtube.com/embed/xs1PKFpP_ts,,
國立中央大學,管院微積分(二),lec44-1 The Method of Least Squares,https://www.youtube.com/embed/33DMPTBO3G0,,
國立中央大學,管院微積分(二),lec28-1 Exponential Growth,https://www.youtube.com/embed/m1CfspZ1hNU,,
國立中央大學,管院微積分(二),lec36-3 Example 3 & Example 4,https://www.youtube.com/embed/AZ53MRMZx50,,
國立中央大學,管院微積分(二),lec43-7 Example 5,https://www.youtube.com/embed/aOlkuhL3CWU,,
國立中央大學,管院微積分(二),lec41-3 Graphs of Functions of Two Variables and Level Curves,https://www.youtube.com/embed/3rQ6WZy7IRU,,
國立中央大學,管院微積分(二),lec33-7 Explore and Discuss,https://www.youtube.com/embed/QjXKazbgUOo,,
國立中央大學,管院微積分(二),lec30-4 Note(Linear Transformation),https://www.youtube.com/embed/nmFtTsc067A,,
國立中央大學,管院微積分(二),lec35-7 Amount of an Annuity & Example 4,https://www.youtube.com/embed/wfXN-fh8E40,,
國立中央大學,管院微積分(二),lec28-7 Learning Curves,https://www.youtube.com/embed/YvutsmZkeeY,,
國立中央大學,管院微積分(二),lec34-3 Example 3 and Example 4,https://www.youtube.com/embed/DKarK1UY9dE,,
國立中央大學,管院微積分(二),lec42-6 Substitute and Complementary Commodities & Example 5,https://www.youtube.com/embed/LC-_Fe1pWko,,
國立中央大學,管院微積分(二),lec34-5 Example 7,https://www.youtube.com/embed/zcu0UgD6nkQ,,
國立中央大學,管院微積分(二),lec35-8 Present Value of an Annuity & Example 5,https://www.youtube.com/embed/Fz9CFD0YooY,,
國立中央大學,管院微積分(二),lec29-5 Differential Equations & Example 10 ~ Example 12,https://www.youtube.com/embed/gaZpV8pwoIA,,
國立中央大學,管院微積分(二),lec28-9 Logistic Growth Functions,https://www.youtube.com/embed/Zv7dy69n2eY,,
國立中央大學,管院微積分(二),lec28-3 Exponential Decay,https://www.youtube.com/embed/-W_PSijc7wQ,,
國立中央大學,管院微積分(二),lec41-4 Example 5 & Example 6,https://www.youtube.com/embed/aCJwKrb26V4,,
國立中央大學,管院微積分(二),lec33-1 Properties of the Definite Integral,https://www.youtube.com/embed/Rl0NBgCr6ec,,
國立中央大學,管院微積分(二),lec33-2 Example 1,https://www.youtube.com/embed/sZ4h5pogMhA,,
國立中央大學,管院微積分(二),lec33-5 Example 5 ~ Example 7,https://www.youtube.com/embed/0Sv-V3hqby8,,
國立中央大學,管院微積分(二),lec29-4 Example 4 ~ Example 9,https://www.youtube.com/embed/mVyzMLIkXAE,,
國立中央大學,管院微積分(二),lec43-1 RelativeAbsolute Extrema of a Function of Two Variables,https://www.youtube.com/embed/1pSB9wFvCNE,,
國立中央大學,管院微積分(二),lec38-7 Example 5,https://www.youtube.com/embed/claltLWQbJc,,
國立中央大學,管院微積分(二),lec36-1 Integration by Parts,https://www.youtube.com/embed/EWcRFhv154Q,,
國立中央大學,管院微積分(二),lec35-6 Present Value of an Income Stream & Example 3,https://www.youtube.com/embed/WPTYe_ayKUI,,
國立中央大學,管院微積分(二),lec41-1 Functions of Two Variables. Example 1 & Example 2,https://www.youtube.com/embed/wkprt8suOOc,,
國立中央大學,管院微積分(二),lec36-2 Example 1 & Example 2,https://www.youtube.com/embed/-VlWgkfs9gY,,
國立中央大學,管院微積分(二),lec30-2 Example 4 ~ Example 6,https://www.youtube.com/embed/K8pYWIEOSDY,,
國立中央大學,管院微積分(二),lec28-4 Example 2(Radioactive Decay),https://www.youtube.com/embed/_2HGOVETGmU,,
國立中央大學,管院微積分(二),lec34-6 Explore and Discuss：Even／Odd Functions,https://www.youtube.com/embed/KKWpxXvwkfk,,
國立中央大學,管院微積分(二),lec42-3 Example 2,https://www.youtube.com/embed/ZkQ3_jUX1ho,,
國立中央大學,管院微積分(二),lec30-3 Example 7 and Example 8,https://www.youtube.com/embed/G6OIIlHB8Ws,,
國立中央大學,管院微積分(二),lec40-3 Example 3 & Example 4,https://www.youtube.com/embed/Pl80iBOvG00,,
國立中央大學,遙測科學導論,11-4 Image Interpretation & Analysis,https://www.youtube.com/embed/tF48F-cXKPg,2.1-2.2,http://ocw.ncu.edu.tw/ocwdata/62004/62004-slide-20100930.htm
國立中央大學,遙測科學導論,10-1 Microwave remote sensing,https://www.youtube.com/embed/naebAs9d_D8,3.1-3.2,http://ocw.ncu.edu.tw/ocwdata/62004/62004-slide-20101007.htm
國立中央大學,遙測科學導論,11-6 Image Interpretation & Analysis,https://www.youtube.com/embed/wQIruPGcz_g,4.1-4.2,http://ocw.ncu.edu.tw/ocwdata/62004/62004-slide-20101014.htm
國立中央大學,遙測科學導論,4-1衛星特性－orbits and swaths,https://www.youtube.com/embed/pKy7HnJWvNA,5.1-5.2,http://ocw.ncu.edu.tw/ocwdata/62004/62004-slide-20101021.htm
國立中央大學,遙測科學導論,3-2 Pixel像素的概念－channelband,https://www.youtube.com/embed/Ut-m0mNrNhQ,6.1-6.2,http://ocw.ncu.edu.tw/ocwdata/62004/62004-slide-20101028.htm
國立中央大學,遙測科學導論,11-5 Image Interpretation & Analysis,https://www.youtube.com/embed/vJs80piZUuI,7.1-7.2,http://ocw.ncu.edu.tw/ocwdata/62004/62004-slide-20101104.htm
國立中央大學,遙測科學導論,11-2 Image Interpretation & Analysis,https://www.youtube.com/embed/tgRZwSJF7Qs,8.1-8.2,http://ocw.ncu.edu.tw/ocwdata/62004/62004-slide-20101118.htm
國立中央大學,遙測科學導論,11-3 Image Interpretation & Analysis,https://www.youtube.com/embed/M_Khy7I1jy4,9.1-9.2,http://ocw.ncu.edu.tw/ocwdata/62004/62004-slide-20101202.htm
國立中央大學,遙測科學導論,3-1幅射與目標物的作用,https://www.youtube.com/embed/G9O1_UCuSDM,10.1-10.2,http://ocw.ncu.edu.tw/ocwdata/62004/62004-slide-20101209.htm
國立中央大學,遙測科學導論,6-1 Weather satellites and sensors,https://www.youtube.com/embed/oTEnP9h5pYQ,11.1-11.2,http://ocw.ncu.edu.tw/ocwdata/62004/62004-slide-20101216.htm
國立中央大學,遙測科學導論,12 遙測應用實例,https://www.youtube.com/embed/_9uvP5ax8LA,11.3-11.4,http://ocw.ncu.edu.tw/ocwdata/62004/62004-slide-20101223.htm
國立中央大學,遙測科學導論,7-1 Land Observation Satellites and Sensors,https://www.youtube.com/embed/J9muooNxyAM,11.5-11.6,http://ocw.ncu.edu.tw/ocwdata/62004/62004-slide-20101230.htm
國立中央大學,遙測科學導論,2-2Absorption吸收,https://www.youtube.com/embed/81yzgsSZnio,12,http://ocw.ncu.edu.tw/ocwdata/62004/62004-slide-20110106.htm
國立中央大學,遙測科學導論,6-2 Weather satellites and sensors其它衛星,https://www.youtube.com/embed/pk_vIaB6weg,,
國立中央大學,遙測科學導論,11-7 Image Interpretation & Analysis 期末考說明,https://www.youtube.com/embed/L5SBdsYpG4s,,
國立中央大學,遙測科學導論,1-2非遙測－In stiu,https://www.youtube.com/embed/ffoQdCARPIc,,
國立中央大學,遙測科學導論,4-2衛星特性－orbits and swaths,https://www.youtube.com/embed/lQfS2Y6_Vdk,,
國立中央大學,遙測科學導論,8-2 Microwave remote sensing,https://www.youtube.com/embed/t-pF3XvbnI0,,
國立中央大學,遙測科學導論,11-1 Image Interpretation & Analysis,https://www.youtube.com/embed/tchtVHzxzoQ,,
國立中央大學,遙測科學導論,9-1 Microwave remote sensing+期中考檢討,https://www.youtube.com/embed/RnEs22r1X8I,,
國立中央大學,遙測科學導論,5-2 Sensors：multispectral scanning along track scanners、三種感應器的比較,https://www.youtube.com/embed/vtDvrYTJhA8,,
國立中央大學,遙測科學導論,2-1波譜,https://www.youtube.com/embed/KplZ-5aAs-U,,
國立中央大學,遙測科學導論,8-1 Microwave remote sensing,https://www.youtube.com/embed/Ie-jBmJSewo,,
國立中央大學,遙測科學導論,5-1 Temporal resolution：主要應用,https://www.youtube.com/embed/cyWDPfo0Kco,,
國立中央大學,遙測科學導論,9-2 Microwave remote sensing,https://www.youtube.com/embed/i_weQoR09zw,,
國立中央大學,遙測科學導論,10-2 Microwave remote sensing,https://www.youtube.com/embed/zMA3qqN9v_s,,
國立中央大學,遙測科學導論,1-1狹義遙測與廣義遙測：定義、人類感官與遙測,https://www.youtube.com/embed/02lcmjOtsSY,,
國立中央大學,遙測科學導論,7-2 Marine Observation Satellites and Sensors,https://www.youtube.com/embed/oFMEJDVWPWM,,
國立中央大學,遙測數據影像處理,5-2point operation－Matlab實機教學,https://www.youtube.com/embed/ry-jgnEvSbY,1-1~1-3,http://ocw.ncu.edu.tw/ocwdata/63016/63016-20100222.pdf
國立中央大學,遙測數據影像處理,2-1遙測應用影片影片欣賞與說明,https://www.youtube.com/embed/7fEV3AEXT4A,2-1~2-3,http://ocw.ncu.edu.tw/ocwdata/63016/63016-20100301.pdf
國立中央大學,遙測數據影像處理,10-3影像目標偵側與分類3,https://www.youtube.com/embed/TEvkPKW0fIM,3-1~3-3,http://ocw.ncu.edu.tw/ocwdata/63016/63016-20100308.pdf
國立中央大學,遙測數據影像處理,12-2遙測同物質影像之尋找,https://www.youtube.com/embed/_DuhSNkAnHc,4-1~4-3,http://ocw.ncu.edu.tw/ocwdata/63016/63016-20100315.pdf
國立中央大學,遙測數據影像處理,9-2遙測影像的障礙與排除,https://www.youtube.com/embed/W9aAgEZ-_NU,5-1~5-3,http://ocw.ncu.edu.tw/ocwdata/63016/63016-20100322.pdf
國立中央大學,遙測數據影像處理,10-1影像目標偵側與分類1,https://www.youtube.com/embed/SJRlgSgpXFg,6-1~6-3,http://ocw.ncu.edu.tw/ocwdata/63016/63016-20100329.pdf
國立中央大學,遙測數據影像處理,3-3mask operation之運算,https://www.youtube.com/embed/vbKIYZXVnSw,7-1~7-2,http://ocw.ncu.edu.tw/ocwdata/63016/63016-20100412.pdf
國立中央大學,遙測數據影像處理,6-3fourier transform－Matlab實機教學,https://www.youtube.com/embed/INi5M2apTgU,8-1~8-2,http://ocw.ncu.edu.tw/ocwdata/63016/63016-20100419.pdf
國立中央大學,遙測數據影像處理,11-3影像目標偵側與分類,https://www.youtube.com/embed/lPeIpzlWZzc,9-1~9-2,http://ocw.ncu.edu.tw/ocwdata/63016/63016-20100426.pdf
國立中央大學,遙測數據影像處理,10-2影像目標偵側與分類2,https://www.youtube.com/embed/si42nF0mQv0,10-1~10-2,http://ocw.ncu.edu.tw/ocwdata/63016/63016-20100503.pdf
國立中央大學,遙測數據影像處理,8-3光頻譜解析度的資料特性,https://www.youtube.com/embed/z84QO2FYXVQ,11-1~11-3,http://ocw.ncu.edu.tw/ocwdata/63016/63016-20100510.pdf
國立中央大學,遙測數據影像處理,2-3point operation之運算,https://www.youtube.com/embed/2VALCqc-ZAA,12-1~12-2,http://ocw.ncu.edu.tw/ocwdata/63016/63016-20100517.pdf
國立中央大學,遙測數據影像處理,15-2影像目標偵側與分類－變形演算,https://www.youtube.com/embed/WuCu1IJBHwQ,13-1~13-3,http://ocw.ncu.edu.tw/ocwdata/63016/63016-20100524.pdf
國立中央大學,遙測數據影像處理,11-2影像目標偵側與分類5,https://www.youtube.com/embed/xLdoFfEwAyU,14-1~14-2,http://ocw.ncu.edu.tw/ocwdata/63016/63016-20100531.pdf
國立中央大學,遙測數據影像處理,13-2空間解析度 Maylab實機教學,https://www.youtube.com/embed/EPk2ZTRD5XM,15-1~15-2,http://ocw.ncu.edu.tw/ocwdata/63016/63016-20100607.pdf
國立中央大學,遙測數據影像處理,13-1空間解析度 Matlab實機教學,https://www.youtube.com/embed/PkpsLXzqI24,,
國立中央大學,遙測數據影像處理,3-1point operation之運算,https://www.youtube.com/embed/aQ5Uov9pWwI,,
國立中央大學,遙測數據影像處理,8-2空間解析度,https://www.youtube.com/embed/cOqGjVzS-1g,,
國立中央大學,遙測數據影像處理,6-2fourier transform－Matlab實機教學,https://www.youtube.com/embed/Ha9jospnuNI,,
國立中央大學,遙測數據影像處理,4-1mask operation之運算,https://www.youtube.com/embed/FPoifMMkT8A,,
國立中央大學,遙測數據影像處理,1-2遙測數位影像的紀錄要素,https://www.youtube.com/embed/apxMnBdgwqM,,
國立中央大學,遙測數據影像處理,12-1Matlab操作介紹,https://www.youtube.com/embed/WrVEoSrku9Q,,
國立中央大學,遙測數據影像處理,1-1何謂遙測與遙測的歷史,https://www.youtube.com/embed/8tbIx54d4G0,,
國立中央大學,遙測數據影像處理,1-3遙測影像色彩表現方式,https://www.youtube.com/embed/7K4Z50gk5us,,
國立中央大學,遙測數據影像處理,6-1mask operation－Matlab實機教學,https://www.youtube.com/embed/UHfWowgJ1i4,,
國立中央大學,遙測數據影像處理,4-2fourier transform之運算,https://www.youtube.com/embed/TXtAyoWShwk,,
國立中央大學,遙測數據影像處理,2-2遙測應用影片欣賞,https://www.youtube.com/embed/g0COKiLP8Uw,,
國立中央大學,遙測數據影像處理,7-1遙測影像色彩表現方式,https://www.youtube.com/embed/gBpPEAMoTl8,,
國立中央大學,遙測數據影像處理,9-1遙測影像的障礙與排除,https://www.youtube.com/embed/VqRrySCKbKs,,
國立中央大學,遙測數據影像處理,14-1影像目標偵側與分類－Matlab實機教學,https://www.youtube.com/embed/OoGfyC0USmI,,
國立中央大學,遙測數據影像處理,5-3point operation－Matlab實機教學,https://www.youtube.com/embed/JJCWURCRYd8,,
國立中央大學,遙測數據影像處理,14-2影像目標偵側與分類－Matlab實機教學,https://www.youtube.com/embed/t2tNkmCxfWA,,
國立中央大學,遙測數據影像處理,5-1point operation－Matlab實機教學,https://www.youtube.com/embed/G5TTGWuD_84,,
國立中央大學,遙測數據影像處理,8-1遙測同物質影像之尋找－PCA演算,https://www.youtube.com/embed/nfAlfdA9Jdg,,
國立中央大學,遙測數據影像處理,11-1影像目標偵側與分類4,https://www.youtube.com/embed/0SKa-WnhPF8,,
國立中央大學,遙測數據影像處理,7-2遙測影像雜訊的消除,https://www.youtube.com/embed/8k99ju12hD0,,
國立中央大學,遙測數據影像處理,3-2point operation之運算,https://www.youtube.com/embed/zf4Yl0_IovU,,
國立中央大學,遙測數據影像處理,15-1影像目標偵側與分類－變形演算,https://www.youtube.com/embed/VIhIXqUqjPQ,,
國立中央大學,複合材料及,2-2 Introduction of Composite Materials: Metals anf Alloys.WMV,https://www.youtube.com/embed/TZcidpLSuMM,,
國立中央大學,複合材料及,3-3 Energy material & Discussion time.WMV,https://www.youtube.com/embed/5lnJhAysoAM,,
國立中央大學,複合材料及,2-1 Introduction of Composite Materials: Polymers.WMV,https://www.youtube.com/embed/g6XyjkXXeCo,,
國立中央大學,複合材料及,5-3 MMC Fabrication Techniques.WMV,https://www.youtube.com/embed/RgzH-a-eBXk,,
國立中央大學,複合材料及,8-1 Different type of solar cell metierial& CIGS,https://www.youtube.com/embed/c-vq7F7Ucko,,
國立中央大學,複合材料及,3-1 Particle Reinforced & Fiber Reinforced.WMV,https://www.youtube.com/embed/bCW3CeXTGH4,,
國立中央大學,複合材料及,1-2 課程介紹.WMV,https://www.youtube.com/embed/KFM2gjPkwEU,,
國立中央大學,複合材料及,5-2 Processing of MMC.WMV,https://www.youtube.com/embed/-ybMlkPVntA,,
國立中央大學,複合材料及,4-3 Composite Strengthening & Photovoltaics.WMV,https://www.youtube.com/embed/ol1OeRcahs4,,
國立中央大學,複合材料及,1-1 課程介紹.WMV,https://www.youtube.com/embed/luUJZGkf0jA,,
國立中央大學,複合材料及,10-3 Interfacial Reaction: Testing Of Interfacial Strength.WMV,https://www.youtube.com/embed/sB2wgsDJylI,,
國立中央大學,複合材料及,2-3 Metal Matrix & Discussion time.WMV,https://www.youtube.com/embed/E6rHeYy-0Ec,,
國立中央大學,複合材料及,3-2  Composite Strengthening(for modulus).WMV,https://www.youtube.com/embed/tOZ8kIayKAA,,
國立中央大學,複合材料及,1-3 課程介紹.WMV,https://www.youtube.com/embed/-QukaQeNLUE,,
國立中央大學,複合材料及,9-1 Interfacial Reaction/ Characterization Interface,https://www.youtube.com/embed/yv-zunwZxk8,,
國立中央大學,複合材料及,12-1 Photovoltaic Materials,https://www.youtube.com/embed/ubjn8q-Bd7o,,
國立中央大學,複合材料及,11-2 composite wear,https://www.youtube.com/embed/tveAKSYqaes,,
國立中央大學,複合材料及,10-1 Interfacial Reaction: TiB.WMV,https://www.youtube.com/embed/MvyQy1PFYBo,,
國立中央大學,複合材料及,12-2 Photovoltaic Materials,https://www.youtube.com/embed/LpwyxR-Bs7M,,
國立中央大學,複合材料及,6-1 MMC Fabrication Techniques.WMV,https://www.youtube.com/embed/wJ3oTCbAMmY,,
國立中央大學,複合材料及,5-1 Composite Strengthening.WMV,https://www.youtube.com/embed/eTdaStd7h_8,,
國立中央大學,複合材料及,4-2 Composite Strengthening & Example problem.WMV,https://www.youtube.com/embed/7ZlfjRSBIps,,
國立中央大學,複合材料及,10-2 solar energy相關新聞介紹.WMV,https://www.youtube.com/embed/skunX5_qonQ,,
國立中央大學,複合材料及,7-1 MMC Fabrication Techniques.WMV,https://www.youtube.com/embed/WbgJO_HSpy0,,
國立中央大學,複合材料及,9-3 Interfacial Reaction,https://www.youtube.com/embed/8wYHsiw2je4,,
國立中央大學,複合材料及,6-3 MMC Fabrication Techniques.WMV,https://www.youtube.com/embed/aJnNtvlBLiY,,
國立中央大學,複合材料及,4-1 Composite Strengthening(for strength. fiber) & Photovoltaics.WMV,https://www.youtube.com/embed/YdxEGNFZozU,,
國立中央大學,複合材料及,7-3 Processing of MMC.WMV,https://www.youtube.com/embed/hgdbOWkMM_Y,,
國立中央大學,複合材料及,11-3 Solar Cell and Technology,https://www.youtube.com/embed/2DrpzmApMj8,,
國立中央大學,複合材料及,7-2  Copper indium gallium selenide(CIGS) / Processing of MMC.WMV,https://www.youtube.com/embed/zNzhThozLwo,,
國立中央大學,複合材料及,9-2 Interfacial Reaction: wetting,https://www.youtube.com/embed/_4HlP90kxHA,,
國立中央大學,複合材料及,8-3 Photovoltaics Material- CdTe,https://www.youtube.com/embed/Jc5Um05Imq4,,
國立中央大學,複合材料及,6-2 sputter deposition.WMV,https://www.youtube.com/embed/1xsj-4EH_NI,,
國立中央大學,複合材料及,11-1 Mechanical Testing/composite wear,https://www.youtube.com/embed/Yi8jaSUnPJA,,
國立中央大學,環境災難傳播,5-2未來趨勢媒體 網路傳播,https://www.youtube.com/embed/J966C48yevU,台灣百年天災史 ,http://ocw.ncu.edu.tw/ocwdata/61010/992-61010-20110307.pdf
國立中央大學,環境災難傳播,4-2報紙是否會走入歷史？,https://www.youtube.com/embed/3-pVG3lJLYg,日本9 級大地震及海嘯,http://ocw.ncu.edu.tw/ocwdata/61010/992-61010-20110314.pdf
國立中央大學,環境災難傳播,8-1經驗案例與環境傳播所帶來的影響,https://www.youtube.com/embed/X0pKiC7RCVA,傳播與媒體_電視,http://ocw.ncu.edu.tw/ocwdata/61010/992-61010-20110321.pdf
國立中央大學,環境災難傳播,2-1日本仙台大地震各國新聞比較,https://www.youtube.com/embed/VnMpUOpH_KU,災難傳播與媒體_報紙,http://ocw.ncu.edu.tw/ocwdata/61010/992-61010-20110328.pdf
國立中央大學,環境災難傳播,3-1電視、廣告與訊息傳播原理,https://www.youtube.com/embed/pgRCpOvUH-0,災難與傳播_網路,http://ocw.ncu.edu.tw/ocwdata/61010/992-61010-20110411.pdf
國立中央大學,環境災難傳播,5-1未來趨勢媒體 網路傳播,https://www.youtube.com/embed/MQnB8Jomaow,正負2度C紀錄片賞析及其內容與手法,http://ocw.ncu.edu.tw/ocwdata/61010/992-61010-20110502.pdf
國立中央大學,環境災難傳播,1-2台灣歷史天災回顧與傳播理論,https://www.youtube.com/embed/zlGT3uboHo0,環境災難傳播,http://ocw.ncu.edu.tw/ocwdata/61010/992-61010-20110523.pdf
國立中央大學,環境災難傳播,6-1紀錄片的時長與困難,https://www.youtube.com/embed/7eknvzexAGg,環境傳播的影響,http://ocw.ncu.edu.tw/ocwdata/61010/992-61010-20110530.pdf
國立中央大學,環境災難傳播,7-1風災的電視新聞傳播,https://www.youtube.com/embed/YXh0NxU_jH4,,
國立中央大學,環境災難傳播,2-2日本仙台大地震災情控制,https://www.youtube.com/embed/qGhEB5wrRcw,,
國立中央大學,環境災難傳播,4-1報紙是否會走入歷史？,https://www.youtube.com/embed/v2-07WopJBk,,
國立中央大學,環境災難傳播,8-2經驗案例與環境傳播所帶來的影響,https://www.youtube.com/embed/jwEu3qZmXro,,
國立中央大學,環境災難傳播,1-1台灣歷史天災回顧與傳播理論,https://www.youtube.com/embed/XghecaT4nzc,,
國立中央大學,環境災難傳播,3-2如何看待電視新聞,https://www.youtube.com/embed/96DbY0k9WNo,,
國立中央大學,環境災難傳播,6-2從色戒談概念傳達,https://www.youtube.com/embed/IQOYBOt8Ir4,,
國立中央大學,環境災難傳播,7-2風災的電視新聞傳播,https://www.youtube.com/embed/B6twyTjqBbI,,
